match_id,timestamp,home_team_id,away_team_id,home_score_total,away_score_total,home_sets_won,away_sets_won,score_diff,set_diff,home_current_score,away_current_score,set_info,game_duration,match_status,home_win_rate_last5,away_win_rate_last5,head_to_head_win_rate_home
206637,2025-05-13 13:11:06.750073,2164,370209,66,39,2,0,27,2,16,9,Set 1: 25-14 | Set 2: 25-16 | Set 3: 16-9,150m 0s,3rd set,0.8,0.6666666666666666,1.0
206637,2025-05-13 13:13:52.767847,2164,370209,69,44,2,0,25,2,19,14,Set 1: 25-14 | Set 2: 25-16 | Set 3: 19-14,150m 0s,3rd set,0.8,0.6666666666666666,1.0
206637,2025-05-13 13:16:47.079969,2164,370209,70,44,2,0,26,2,20,14,Set 1: 25-14 | Set 2: 25-16 | Set 3: 20-14,150m 0s,3rd set,0.8,0.6666666666666666,1.0
207991,2025-05-14 20:05:25.507846,44350,44433,44,47,1,1,-3,0,0,0,Set 1: 25-22 | Set 2: 19-25 | Set 3: 0-0,150m 0s,3rd set,0.6,0.4,0.45
208030,2025-05-14 20:05:29.986085,44300,44561,46,50,0,2,-4,-2,0,0,Set 1: 23-25 | Set 2: 23-25 | Set 3: 0-0,150m 0s,3rd set,0.5,0.2,0.25
207991,2025-05-14 20:21:43.409647,44350,44433,62,66,1,1,-4,0,18,19,Set 1: 25-22 | Set 2: 19-25 | Set 3: 18-19,150m 0s,3rd set,0.6,0.4,0.45
208030,2025-05-14 20:21:48.399429,44300,44561,64,66,0,2,-2,-2,18,16,Set 1: 23-25 | Set 2: 23-25 | Set 3: 18-16,150m 0s,3rd set,0.5,0.2,0.25
207991,2025-05-14 20:25:05.316076,44350,44433,69,68,2,1,1,1,0,0,Set 1: 25-22 | Set 2: 19-25 | Set 3: 25-21 | Set 4: 0-0,150m 0s,4th set,0.6,0.4,0.45
208030,2025-05-14 20:27:17.764840,44300,44561,68,71,0,2,-3,-2,22,21,Set 1: 23-25 | Set 2: 23-25 | Set 3: 22-21,150m 0s,3rd set,0.5,0.2,0.25
207991,2025-05-14 20:38:23.394847,44350,44433,79,77,2,1,2,1,10,9,Set 1: 25-22 | Set 2: 19-25 | Set 3: 25-21 | Set 4: 10-9,150m 0s,4th set,0.6,0.4,0.45
208030,2025-05-14 20:38:23.394896,44300,44561,75,76,1,2,-1,-1,26,24,Set 1: 23-25 | Set 2: 23-25 | Set 3: 26-24,150m 0s,3rd set,0.5,0.2,0.25
208030,2025-05-14 20:39:30.433137,44300,44561,75,76,1,2,-1,-1,3,2,Set 1: 23-25 | Set 2: 23-25 | Set 3: 26-24 | Set 4: 3-2,150m 0s,4th set,0.5,0.2,0.25
207991,2025-05-14 20:49:39.685903,44350,44433,88,87,2,1,1,1,19,19,Set 1: 25-22 | Set 2: 19-25 | Set 3: 25-21 | Set 4: 19-19,150m 0s,4th set,0.6,0.4,0.45
208030,2025-05-14 20:50:47.214839,44300,44561,79,85,1,2,-6,-1,7,11,Set 1: 23-25 | Set 2: 23-25 | Set 3: 26-24 | Set 4: 7-11,150m 0s,4th set,0.5,0.2,0.25
207991,2025-05-14 20:51:54.448638,44350,44433,89,90,2,1,-1,1,20,22,Set 1: 25-22 | Set 2: 19-25 | Set 3: 25-21 | Set 4: 20-22,150m 0s,4th set,0.6,0.4,0.45
208030,2025-05-14 20:51:54.448764,44300,44561,89,87,1,2,2,-1,17,13,Set 1: 23-25 | Set 2: 23-25 | Set 3: 26-24 | Set 4: 17-13,150m 0s,4th set,0.5,0.2,0.25
207991,2025-05-14 20:57:28.290246,44350,44433,91,93,2,2,-2,0,22,25,Set 1: 25-22 | Set 2: 19-25 | Set 3: 25-21 | Set 4: 22-25,150m 0s,4th set,0.6,0.4,0.45
208030,2025-05-14 20:57:28.290386,44300,44561,94,90,1,2,4,-1,22,16,Set 1: 23-25 | Set 2: 23-25 | Set 3: 26-24 | Set 4: 22-16,150m 0s,4th set,0.5,0.2,0.25
207991,2025-05-14 20:58:37.084624,44350,44433,91,93,2,2,-2,0,0,0,Set 1: 25-22 | Set 2: 19-25 | Set 3: 25-21 | Set 4: 22-25 | Set 5: 0-0,150m 0s,5th set,0.6,0.4,0.45
208030,2025-05-14 21:00:53.173805,44300,44561,97,94,2,2,3,0,10,15,Set 1: 23-25 | Set 2: 23-25 | Set 3: 26-24 | Set 4: 25-20 | Set 5: 10-15,150m 0s,5th set,0.5,0.2,0.25
208039,2025-05-15 13:01:00.872792,2164,237086,50,44,1,0,6,1,23,19,Set 1: 27-25 | Set 2: 23-19,150m 0s,2nd set,0.8,0.2,1.0
208039,2025-05-15 13:02:02.073423,2164,237086,50,41,1,0,9,1,23,16,Set 1: 27-25 | Set 2: 23-16,150m 0s,2nd set,0.8,0.2,1.0
208039,2025-05-15 13:03:03.336100,2164,237086,47,44,1,0,3,1,20,19,Set 1: 27-25 | Set 2: 20-19,150m 0s,2nd set,0.8,0.2,1.0
208039,2025-05-15 13:04:05.013090,2164,237086,51,45,1,0,6,1,24,20,Set 1: 27-25 | Set 2: 24-20,150m 0s,2nd set,0.8,0.2,1.0
208039,2025-05-15 13:05:08.339364,2164,237086,50,42,2,0,8,2,0,0,Set 1: 27-25 | Set 2: 23-17 | Set 3: 0-0,150m 0s,3rd set,0.8,0.2,1.0
208039,2025-05-15 13:07:10.959194,2164,237086,54,45,2,0,9,2,2,0,Set 1: 27-25 | Set 2: 25-20 | Set 3: 2-0,150m 0s,3rd set,0.8,0.2,1.0
208039,2025-05-15 13:08:14.705430,2164,237086,55,45,2,0,10,2,3,0,Set 1: 27-25 | Set 2: 25-20 | Set 3: 3-0,150m 0s,3rd set,0.8,0.2,1.0
208039,2025-05-15 13:09:15.902296,2164,237086,56,45,2,0,11,2,4,0,Set 1: 27-25 | Set 2: 25-20 | Set 3: 4-0,150m 0s,3rd set,0.8,0.2,1.0
208039,2025-05-15 13:11:22.323353,2164,237086,56,47,2,0,9,2,4,2,Set 1: 27-25 | Set 2: 25-20 | Set 3: 4-2,150m 0s,3rd set,0.8,0.2,1.0
208039,2025-05-15 13:12:23.428298,2164,237086,57,47,2,0,10,2,5,2,Set 1: 27-25 | Set 2: 25-20 | Set 3: 5-2,150m 0s,3rd set,0.8,0.2,1.0
208039,2025-05-15 13:13:25.564897,2164,237086,59,48,2,0,11,2,7,3,Set 1: 27-25 | Set 2: 25-20 | Set 3: 7-3,150m 0s,3rd set,0.8,0.2,1.0
208039,2025-05-15 13:14:27.272985,2164,237086,62,48,2,0,14,2,10,3,Set 1: 27-25 | Set 2: 25-20 | Set 3: 10-3,150m 0s,3rd set,0.8,0.2,1.0
198935,2025-06-04 09:37:25.728838,2384,2605,29,34,0,1,-5,-1,7,9,Set 1: 22-25 | Set 2: 7-9,150m 0s,2nd set,0.6,0.8,0.21428571428571427
198935,2025-06-04 09:40:03.035193,2384,2605,30,39,0,1,-9,-1,8,14,Set 1: 22-25 | Set 2: 8-14,150m 0s,2nd set,0.6,0.8,0.21428571428571427
198935,2025-06-04 09:41:27.685872,2384,2605,31,39,0,1,-8,-1,9,14,Set 1: 22-25 | Set 2: 9-14,150m 0s,2nd set,0.6,0.8,0.21428571428571427
198935,2025-06-04 09:41:53.919369,2384,2605,31,40,0,1,-9,-1,9,15,Set 1: 22-25 | Set 2: 9-15,150m 0s,2nd set,0.6,0.8,0.21428571428571427
198935,2025-06-04 09:42:30.986284,2384,2605,32,40,0,1,-8,-1,10,15,Set 1: 22-25 | Set 2: 10-15,150m 0s,2nd set,0.6,0.8,0.21428571428571427
198935,2025-06-04 09:42:56.781319,2384,2605,33,40,0,1,-7,-1,11,15,Set 1: 22-25 | Set 2: 11-15,150m 0s,2nd set,0.6,0.8,0.21428571428571427
198935,2025-06-04 09:43:33.667918,2384,2605,34,40,0,1,-6,-1,12,15,Set 1: 22-25 | Set 2: 12-15,150m 0s,2nd set,0.6,0.8,0.21428571428571427
198935,2025-06-04 09:45:50.648728,2384,2605,34,42,0,1,-8,-1,12,17,Set 1: 22-25 | Set 2: 12-17,150m 0s,2nd set,0.6,0.8,0.21428571428571427
198935,2025-06-04 09:46:35.670451,2384,2605,35,42,0,1,-7,-1,13,17,Set 1: 22-25 | Set 2: 13-17,150m 0s,2nd set,0.6,0.8,0.21428571428571427
198935,2025-06-04 09:47:01.533882,2384,2605,36,42,0,1,-6,-1,14,17,Set 1: 22-25 | Set 2: 14-17,150m 0s,2nd set,0.6,0.8,0.21428571428571427
198935,2025-06-04 09:47:32.961603,2384,2605,37,42,0,1,-5,-1,15,17,Set 1: 22-25 | Set 2: 15-17,150m 0s,2nd set,0.6,0.8,0.21428571428571427
198935,2025-06-04 09:48:04.442549,2384,2605,38,42,0,1,-4,-1,16,17,Set 1: 22-25 | Set 2: 16-17,150m 0s,2nd set,0.6,0.8,0.21428571428571427
198935,2025-06-04 09:49:12.319823,2384,2605,38,43,0,1,-5,-1,16,18,Set 1: 22-25 | Set 2: 16-18,150m 0s,2nd set,0.6,0.8,0.21428571428571427
198935,2025-06-04 09:49:43.775540,2384,2605,39,44,0,1,-5,-1,17,19,Set 1: 22-25 | Set 2: 17-19,150m 0s,2nd set,0.6,0.8,0.21428571428571427
198935,2025-06-04 09:50:09.549286,2384,2605,40,44,0,1,-4,-1,18,19,Set 1: 22-25 | Set 2: 18-19,150m 0s,2nd set,0.6,0.8,0.21428571428571427
198935,2025-06-04 09:51:11.913904,2384,2605,40,45,0,1,-5,-1,18,20,Set 1: 22-25 | Set 2: 18-20,150m 0s,2nd set,0.6,0.8,0.21428571428571427
198935,2025-06-04 09:51:22.852209,2384,2605,41,43,0,1,-2,-1,19,18,Set 1: 22-25 | Set 2: 19-18,150m 0s,2nd set,0.6,0.8,0.21428571428571427
198935,2025-06-04 09:51:48.676747,2384,2605,41,46,0,1,-5,-1,19,21,Set 1: 22-25 | Set 2: 19-21,150m 0s,2nd set,0.6,0.8,0.21428571428571427
198935,2025-06-04 09:52:45.939998,2384,2605,42,46,0,1,-4,-1,20,21,Set 1: 22-25 | Set 2: 20-21,150m 0s,2nd set,0.6,0.8,0.21428571428571427
198935,2025-06-04 09:54:23.486820,2384,2605,43,47,0,1,-4,-1,21,22,Set 1: 22-25 | Set 2: 21-22,150m 0s,2nd set,0.6,0.8,0.21428571428571427
198935,2025-06-04 09:55:36.389975,2384,2605,43,49,0,1,-6,-1,21,24,Set 1: 22-25 | Set 2: 21-24,150m 0s,2nd set,0.6,0.8,0.21428571428571427
198935,2025-06-04 09:57:38.126070,2384,2605,45,49,0,1,-4,-1,23,24,Set 1: 22-25 | Set 2: 23-24,150m 0s,2nd set,0.6,0.8,0.21428571428571427
198935,2025-06-04 10:04:28.881532,2384,2605,46,51,0,2,-5,-2,24,26,Set 1: 22-25 | Set 2: 24-26,150m 0s,Pause,0.6,0.8,0.21428571428571427
198935,2025-06-04 10:05:31.381749,2384,2605,47,51,0,2,-4,-2,1,0,Set 1: 22-25 | Set 2: 24-26 | Set 3: 1-0,150m 0s,3rd set,0.6,0.8,0.21428571428571427
198935,2025-06-04 10:06:02.889984,2384,2605,48,51,0,2,-3,-2,2,0,Set 1: 22-25 | Set 2: 24-26 | Set 3: 2-0,150m 0s,3rd set,0.6,0.8,0.21428571428571427
198935,2025-06-04 10:06:34.301303,2384,2605,47,52,0,2,-5,-2,1,1,Set 1: 22-25 | Set 2: 24-26 | Set 3: 2-1,150m 0s,3rd set,0.6,0.8,0.21428571428571427
198935,2025-06-04 10:07:00.032171,2384,2605,49,52,0,2,-3,-2,3,1,Set 1: 22-25 | Set 2: 24-26 | Set 3: 3-1,150m 0s,3rd set,0.6,0.8,0.21428571428571427
198935,2025-06-04 10:07:31.481496,2384,2605,50,52,0,2,-2,-2,4,1,Set 1: 22-25 | Set 2: 24-26 | Set 3: 4-1,150m 0s,3rd set,0.6,0.8,0.21428571428571427
198935,2025-06-04 10:07:57.194002,2384,2605,50,54,0,2,-4,-2,4,3,Set 1: 22-25 | Set 2: 24-26 | Set 3: 4-3,150m 0s,3rd set,0.6,0.8,0.21428571428571427
198935,2025-06-04 10:08:28.472975,2384,2605,50,55,0,2,-5,-2,4,4,Set 1: 22-25 | Set 2: 24-26 | Set 3: 4-4,150m 0s,3rd set,0.6,0.8,0.21428571428571427
198935,2025-06-04 10:09:10.649273,2384,2605,50,54,0,2,-4,-2,4,3,Set 1: 22-25 | Set 2: 24-26 | Set 3: 4-3,150m 0s,3rd set,0.6,0.8,0.21428571428571427
198935,2025-06-04 10:09:32.171951,2384,2605,51,54,0,2,-3,-2,5,3,Set 1: 22-25 | Set 2: 24-26 | Set 3: 5-3,150m 0s,3rd set,0.6,0.8,0.21428571428571427
198935,2025-06-04 10:12:59.155030,2384,2605,54,59,0,2,-5,-2,8,8,Set 1: 22-25 | Set 2: 24-26 | Set 3: 8-8,150m 0s,3rd set,0.6,0.8,0.21428571428571427
198935,2025-06-04 10:13:30.509562,2384,2605,55,59,0,2,-4,-2,9,8,Set 1: 22-25 | Set 2: 24-26 | Set 3: 9-8,150m 0s,3rd set,0.6,0.8,0.21428571428571427
198935,2025-06-04 10:13:56.265157,2384,2605,55,61,0,2,-6,-2,9,10,Set 1: 22-25 | Set 2: 24-26 | Set 3: 9-10,150m 0s,3rd set,0.6,0.8,0.21428571428571427
198935,2025-06-04 10:14:27.822095,2384,2605,56,61,0,2,-5,-2,10,10,Set 1: 22-25 | Set 2: 24-26 | Set 3: 10-10,150m 0s,3rd set,0.6,0.8,0.21428571428571427
198935,2025-06-04 10:15:04.272023,2384,2605,57,61,0,2,-4,-2,11,10,Set 1: 22-25 | Set 2: 24-26 | Set 3: 11-10,150m 0s,3rd set,0.6,0.8,0.21428571428571427
198935,2025-06-04 10:15:30.158999,2384,2605,57,62,0,2,-5,-2,11,11,Set 1: 22-25 | Set 2: 24-26 | Set 3: 11-11,150m 0s,3rd set,0.6,0.8,0.21428571428571427
198935,2025-06-04 10:15:56.013530,2384,2605,58,62,0,2,-4,-2,12,11,Set 1: 22-25 | Set 2: 24-26 | Set 3: 12-11,150m 0s,3rd set,0.6,0.8,0.21428571428571427
198935,2025-06-04 10:17:46.107697,2384,2605,60,62,0,2,-2,-2,14,11,Set 1: 22-25 | Set 2: 24-26 | Set 3: 14-11,150m 0s,3rd set,0.6,0.8,0.21428571428571427
198935,2025-06-04 10:18:11.893298,2384,2605,60,65,0,2,-5,-2,14,14,Set 1: 22-25 | Set 2: 24-26 | Set 3: 14-14,150m 0s,3rd set,0.6,0.8,0.21428571428571427
198935,2025-06-04 10:18:37.733417,2384,2605,60,66,0,2,-6,-2,14,15,Set 1: 22-25 | Set 2: 24-26 | Set 3: 14-15,150m 0s,3rd set,0.6,0.8,0.21428571428571427
198935,2025-06-04 10:19:39.985678,2384,2605,60,68,0,2,-8,-2,14,17,Set 1: 22-25 | Set 2: 24-26 | Set 3: 14-17,150m 0s,3rd set,0.6,0.8,0.21428571428571427
198935,2025-06-04 10:21:35.411852,2384,2605,60,69,0,2,-9,-2,14,18,Set 1: 22-25 | Set 2: 24-26 | Set 3: 14-18,150m 0s,3rd set,0.6,0.8,0.21428571428571427
198935,2025-06-04 10:22:01.119276,2384,2605,61,69,0,2,-8,-2,15,18,Set 1: 22-25 | Set 2: 24-26 | Set 3: 15-18,150m 0s,3rd set,0.6,0.8,0.21428571428571427
198935,2025-06-04 10:22:32.570032,2384,2605,60,70,0,2,-10,-2,14,19,Set 1: 22-25 | Set 2: 24-26 | Set 3: 14-19,150m 0s,3rd set,0.6,0.8,0.21428571428571427
198935,2025-06-04 10:24:29.115354,2384,2605,61,71,0,2,-10,-2,15,20,Set 1: 22-25 | Set 2: 24-26 | Set 3: 15-20,150m 0s,3rd set,0.6,0.8,0.21428571428571427
198935,2025-06-04 10:24:39.874479,2384,2605,61,72,0,2,-11,-2,15,21,Set 1: 22-25 | Set 2: 24-26 | Set 3: 15-21,150m 0s,3rd set,0.6,0.8,0.21428571428571427
198935,2025-06-04 10:25:11.279262,2384,2605,62,73,0,2,-11,-2,16,22,Set 1: 22-25 | Set 2: 24-26 | Set 3: 16-22,150m 0s,3rd set,0.6,0.8,0.21428571428571427
198935,2025-06-04 10:25:22.058171,2384,2605,62,71,0,2,-9,-2,16,20,Set 1: 22-25 | Set 2: 24-26 | Set 3: 16-20,150m 0s,3rd set,0.6,0.8,0.21428571428571427
198935,2025-06-04 10:26:29.991429,2384,2605,63,73,0,2,-10,-2,17,22,Set 1: 22-25 | Set 2: 24-26 | Set 3: 17-22,150m 0s,3rd set,0.6,0.8,0.21428571428571427
198935,2025-06-04 10:27:06.461136,2384,2605,63,74,0,2,-11,-2,17,23,Set 1: 22-25 | Set 2: 24-26 | Set 3: 17-23,150m 0s,3rd set,0.6,0.8,0.21428571428571427
198935,2025-06-04 10:27:27.932092,2384,2605,64,74,0,2,-10,-2,18,23,Set 1: 22-25 | Set 2: 24-26 | Set 3: 18-23,150m 0s,3rd set,0.6,0.8,0.21428571428571427
198935,2025-06-04 10:28:46.764774,2384,2605,66,74,0,2,-8,-2,20,23,Set 1: 22-25 | Set 2: 24-26 | Set 3: 20-23,150m 0s,3rd set,0.6,0.8,0.21428571428571427
198935,2025-06-04 10:30:26.106100,2384,2605,67,74,0,2,-7,-2,21,23,Set 1: 22-25 | Set 2: 24-26 | Set 3: 21-23,150m 0s,3rd set,0.6,0.8,0.21428571428571427
198935,2025-06-04 10:31:19.030210,2384,2605,67,75,0,2,-8,-2,21,24,Set 1: 22-25 | Set 2: 24-26 | Set 3: 21-24,150m 0s,3rd set,0.6,0.8,0.21428571428571427
198935,2025-06-04 10:31:22.030210,2384,2605,68,76,0,3,-8,-3,22,25,Set 1: 22-25 | Set 2: 24-26 | Set 3: 22-25,150m 0s,3rd set,0.6,0.8,0.21428571428571427
198944,2025-06-04 14:21:09.890640,2322,45540,44,35,1,0,9,1,19,17,Set 1: 25-18 | Set 2: 19-17,150m 0s,2nd set,1.0,0.8,0.9
198944,2025-06-04 14:22:23.020223,2322,45540,45,35,1,0,10,1,20,17,Set 1: 25-18 | Set 2: 20-17,150m 0s,2nd set,1.0,0.8,0.9
198944,2025-06-04 14:23:36.707017,2322,45540,44,36,1,0,8,1,19,18,Set 1: 25-18 | Set 2: 19-18,150m 0s,2nd set,1.0,0.8,0.9
198944,2025-06-04 14:24:08.194478,2322,45540,45,36,1,0,9,1,20,18,Set 1: 25-18 | Set 2: 20-18,150m 0s,2nd set,1.0,0.8,0.9
198944,2025-06-04 14:24:34.041421,2322,45540,45,37,1,0,8,1,20,19,Set 1: 25-18 | Set 2: 20-19,150m 0s,2nd set,1.0,0.8,0.9
198944,2025-06-04 14:25:37.007296,2322,45540,45,38,1,0,7,1,20,20,Set 1: 25-18 | Set 2: 20-20,150m 0s,2nd set,1.0,0.8,0.9
198944,2025-06-04 14:26:02.774594,2322,45540,46,38,1,0,8,1,21,20,Set 1: 25-18 | Set 2: 21-20,150m 0s,2nd set,1.0,0.8,0.9
198944,2025-06-04 14:26:55.744269,2322,45540,46,39,1,0,7,1,21,21,Set 1: 25-18 | Set 2: 21-21,150m 0s,2nd set,1.0,0.8,0.9
198944,2025-06-04 14:28:14.307718,2322,45540,47,39,1,0,8,1,22,21,Set 1: 25-18 | Set 2: 22-21,150m 0s,2nd set,1.0,0.8,0.9
198944,2025-06-04 14:28:45.832291,2322,45540,48,39,1,0,9,1,23,21,Set 1: 25-18 | Set 2: 23-21,150m 0s,2nd set,1.0,0.8,0.9
198944,2025-06-04 14:30:04.758245,2322,45540,48,41,1,0,7,1,23,23,Set 1: 25-18 | Set 2: 23-23,150m 0s,2nd set,1.0,0.8,0.9
198944,2025-06-04 14:30:15.557690,2322,45540,48,40,1,0,8,1,23,22,Set 1: 25-18 | Set 2: 23-22,150m 0s,2nd set,1.0,0.8,0.9
198944,2025-06-04 14:30:41.399190,2322,45540,49,40,1,0,9,1,24,22,Set 1: 25-18 | Set 2: 24-22,150m 0s,2nd set,1.0,0.8,0.9
198944,2025-06-04 14:31:34.365946,2322,45540,49,41,1,0,8,1,24,23,Set 1: 25-18 | Set 2: 24-23,150m 0s,2nd set,1.0,0.8,0.9
198944,2025-06-04 14:32:00.164632,2322,45540,50,41,1,0,9,1,25,23,Set 1: 25-18 | Set 2: 25-23,150m 0s,2nd set,1.0,0.8,0.9
198944,2025-06-04 14:32:10.946002,2322,45540,50,43,1,0,7,1,25,25,Set 1: 25-18 | Set 2: 25-25,150m 0s,2nd set,1.0,0.8,0.9
198944,2025-06-04 14:32:21.703029,2322,45540,50,42,1,0,8,1,25,24,Set 1: 25-18 | Set 2: 25-24,150m 0s,2nd set,1.0,0.8,0.9
198944,2025-06-04 14:32:47.455098,2322,45540,51,42,1,0,9,1,26,24,Set 1: 25-18 | Set 2: 26-24,150m 0s,2nd set,1.0,0.8,0.9
198944,2025-06-04 14:33:50.159797,2322,45540,52,42,2,0,10,2,27,24,Set 1: 25-18 | Set 2: 27-24,150m 0s,Pause,1.0,0.8,0.9
198944,2025-06-04 14:34:15.960119,2322,45540,52,43,2,0,9,2,27,25,Set 1: 25-18 | Set 2: 27-25,150m 0s,Pause,1.0,0.8,0.9
198944,2025-06-04 14:39:30.418089,2322,45540,53,44,2,0,9,2,1,1,Set 1: 25-18 | Set 2: 27-25 | Set 3: 1-1,150m 0s,3rd set,1.0,0.8,0.9
198944,2025-06-04 14:40:12.659787,2322,45540,53,45,2,0,8,2,1,2,Set 1: 25-18 | Set 2: 27-25 | Set 3: 1-2,150m 0s,3rd set,1.0,0.8,0.9
198944,2025-06-04 14:40:44.099043,2322,45540,54,44,2,0,10,2,2,1,Set 1: 25-18 | Set 2: 27-25 | Set 3: 2-1,150m 0s,3rd set,1.0,0.8,0.9
198944,2025-06-04 14:41:26.203828,2322,45540,55,45,2,0,10,2,3,2,Set 1: 25-18 | Set 2: 27-25 | Set 3: 3-2,150m 0s,3rd set,1.0,0.8,0.9
198944,2025-06-04 14:42:02.737511,2322,45540,56,45,2,0,11,2,4,2,Set 1: 25-18 | Set 2: 27-25 | Set 3: 4-2,150m 0s,3rd set,1.0,0.8,0.9
198944,2025-06-04 14:42:43.114559,2322,45540,57,45,2,0,12,2,5,2,Set 1: 25-18 | Set 2: 27-25 | Set 3: 5-2,150m 0s,3rd set,1.0,0.8,0.9
198944,2025-06-04 14:42:54.648447,2322,45540,57,46,2,0,11,2,5,3,Set 1: 25-18 | Set 2: 27-25 | Set 3: 5-3,150m 0s,3rd set,1.0,0.8,0.9
198944,2025-06-04 14:43:31.524608,2322,45540,58,46,2,0,12,2,6,3,Set 1: 25-18 | Set 2: 27-25 | Set 3: 6-3,150m 0s,3rd set,1.0,0.8,0.9
198944,2025-06-04 14:44:19.355177,2322,45540,59,46,2,0,13,2,7,3,Set 1: 25-18 | Set 2: 27-25 | Set 3: 7-3,150m 0s,3rd set,1.0,0.8,0.9
198944,2025-06-04 14:44:50.813875,2322,45540,59,47,2,0,12,2,7,4,Set 1: 25-18 | Set 2: 27-25 | Set 3: 7-4,150m 0s,3rd set,1.0,0.8,0.9
198944,2025-06-04 14:45:01.550302,2322,45540,60,47,2,0,13,2,8,4,Set 1: 25-18 | Set 2: 27-25 | Set 3: 8-4,150m 0s,3rd set,1.0,0.8,0.9
198944,2025-06-04 14:45:33.027940,2322,45540,59,47,2,0,12,2,7,4,Set 1: 25-18 | Set 2: 27-25 | Set 3: 7-4,150m 0s,3rd set,1.0,0.8,0.9
198944,2025-06-04 14:45:58.962745,2322,45540,59,48,2,0,11,2,7,5,Set 1: 25-18 | Set 2: 27-25 | Set 3: 7-5,150m 0s,3rd set,1.0,0.8,0.9
198944,2025-06-04 14:48:03.371721,2322,45540,62,50,2,0,12,2,10,7,Set 1: 25-18 | Set 2: 27-25 | Set 3: 10-7,150m 0s,3rd set,1.0,0.8,0.9
198944,2025-06-04 14:49:00.516273,2322,45540,63,49,2,0,14,2,11,6,Set 1: 25-18 | Set 2: 27-25 | Set 3: 11-6,150m 0s,3rd set,1.0,0.8,0.9
198944,2025-06-04 14:49:11.263926,2322,45540,63,50,2,0,13,2,11,7,Set 1: 25-18 | Set 2: 27-25 | Set 3: 11-7,150m 0s,3rd set,1.0,0.8,0.9
198944,2025-06-04 14:50:13.562778,2322,45540,64,50,2,0,14,2,12,7,Set 1: 25-18 | Set 2: 27-25 | Set 3: 12-7,150m 0s,3rd set,1.0,0.8,0.9
198944,2025-06-04 14:53:55.640862,2322,45540,67,51,2,0,16,2,15,8,Set 1: 25-18 | Set 2: 27-25 | Set 3: 15-8,150m 0s,3rd set,1.0,0.8,0.9
198944,2025-06-04 14:54:26.993612,2322,45540,68,51,2,0,17,2,16,8,Set 1: 25-18 | Set 2: 27-25 | Set 3: 16-8,150m 0s,3rd set,1.0,0.8,0.9
198944,2025-06-04 14:55:09.207305,2322,45540,69,51,2,0,18,2,17,8,Set 1: 25-18 | Set 2: 27-25 | Set 3: 17-8,150m 0s,3rd set,1.0,0.8,0.9
198944,2025-06-04 14:56:22.424615,2322,45540,69,52,2,0,17,2,17,9,Set 1: 25-18 | Set 2: 27-25 | Set 3: 17-9,150m 0s,3rd set,1.0,0.8,0.9
198944,2025-06-04 14:56:48.282801,2322,45540,70,52,2,0,18,2,18,9,Set 1: 25-18 | Set 2: 27-25 | Set 3: 18-9,150m 0s,3rd set,1.0,0.8,0.9
198944,2025-06-04 14:57:19.633009,2322,45540,70,53,2,0,17,2,18,10,Set 1: 25-18 | Set 2: 27-25 | Set 3: 18-10,150m 0s,3rd set,1.0,0.8,0.9
198944,2025-06-04 14:57:50.968837,2322,45540,71,53,2,0,18,2,19,10,Set 1: 25-18 | Set 2: 27-25 | Set 3: 19-10,150m 0s,3rd set,1.0,0.8,0.9
198944,2025-06-04 14:59:04.172740,2322,45540,72,53,2,0,19,2,20,10,Set 1: 25-18 | Set 2: 27-25 | Set 3: 20-10,150m 0s,3rd set,1.0,0.8,0.9
198944,2025-06-04 14:59:30.081650,2322,45540,73,54,2,0,19,2,21,11,Set 1: 25-18 | Set 2: 27-25 | Set 3: 21-11,150m 0s,3rd set,1.0,0.8,0.9
198944,2025-06-04 15:00:06.588855,2322,45540,74,54,2,0,20,2,22,11,Set 1: 25-18 | Set 2: 27-25 | Set 3: 22-11,150m 0s,3rd set,1.0,0.8,0.9
198944,2025-06-04 15:00:32.448304,2322,45540,73,54,2,0,19,2,21,11,Set 1: 25-18 | Set 2: 27-25 | Set 3: 21-11,150m 0s,3rd set,1.0,0.8,0.9
198944,2025-06-04 15:00:43.384679,2322,45540,73,55,2,0,18,2,21,12,Set 1: 25-18 | Set 2: 27-25 | Set 3: 21-12,150m 0s,3rd set,1.0,0.8,0.9
198944,2025-06-04 15:01:14.867711,2322,45540,74,55,2,0,19,2,22,12,Set 1: 25-18 | Set 2: 27-25 | Set 3: 22-12,150m 0s,3rd set,1.0,0.8,0.9
198944,2025-06-04 15:01:25.591627,2322,45540,75,55,2,0,20,2,23,12,Set 1: 25-18 | Set 2: 27-25 | Set 3: 23-12,150m 0s,3rd set,1.0,0.8,0.9
198944,2025-06-04 15:02:28.670689,2322,45540,75,56,2,0,19,2,23,13,Set 1: 25-18 | Set 2: 27-25 | Set 3: 23-13,150m 0s,3rd set,1.0,0.8,0.9
198944,2025-06-04 15:03:00.092018,2322,45540,76,56,2,0,20,2,24,13,Set 1: 25-18 | Set 2: 27-25 | Set 3: 24-13,150m 0s,3rd set,1.0,0.8,0.9
198944,2025-06-04 15:03:31.632444,2322,45540,77,56,2,0,21,2,25,13,Set 1: 25-18 | Set 2: 27-25 | Set 3: 25-13,150m 0s,3rd set,1.0,0.8,0.9
198939,2025-06-04 22:05:08.544121,45645,2346,6,5,0,0,1,0,6,5,Set 1: 6-5,150m 0s,1st set,1.0,0.6,0.35294117647058826
198939,2025-06-04 22:05:46.548032,45645,2346,7,6,0,0,1,0,7,6,Set 1: 7-6,150m 0s,1st set,1.0,0.6,0.35294117647058826
198939,2025-06-04 22:06:19.254499,45645,2346,7,7,0,0,0,0,7,7,Set 1: 7-7,150m 0s,1st set,1.0,0.6,0.35294117647058826
198939,2025-06-04 22:06:52.402193,45645,2346,8,7,0,0,1,0,8,7,Set 1: 8-7,150m 0s,1st set,1.0,0.6,0.35294117647058826
198939,2025-06-04 22:07:36.071835,45645,2346,8,8,0,0,0,0,8,8,Set 1: 8-8,150m 0s,1st set,1.0,0.6,0.35294117647058826
198939,2025-06-04 22:08:09.771452,45645,2346,9,9,0,0,0,0,9,9,Set 1: 9-9,150m 0s,1st set,1.0,0.6,0.35294117647058826
198939,2025-06-04 22:08:42.718311,45645,2346,9,10,0,0,-1,0,9,10,Set 1: 9-10,150m 0s,1st set,1.0,0.6,0.35294117647058826
198939,2025-06-04 22:08:54.069491,45645,2346,10,10,0,0,0,0,10,10,Set 1: 10-10,150m 0s,1st set,1.0,0.6,0.35294117647058826
198939,2025-06-04 22:09:27.140577,45645,2346,11,10,0,0,1,0,11,10,Set 1: 11-10,150m 0s,1st set,1.0,0.6,0.35294117647058826
198939,2025-06-04 22:09:53.623276,45645,2346,12,10,0,0,2,0,12,10,Set 1: 12-10,150m 0s,1st set,1.0,0.6,0.35294117647058826
198939,2025-06-04 22:10:05.173823,45645,2346,12,11,0,0,1,0,12,11,Set 1: 12-11,150m 0s,1st set,1.0,0.6,0.35294117647058826
198939,2025-06-04 22:10:49.582108,45645,2346,13,11,0,0,2,0,13,11,Set 1: 13-11,150m 0s,1st set,1.0,0.6,0.35294117647058826
198939,2025-06-04 22:11:01.156431,45645,2346,13,12,0,0,1,0,13,12,Set 1: 13-12,150m 0s,1st set,1.0,0.6,0.35294117647058826
198939,2025-06-04 22:23:26.669081,45645,2346,23,20,0,0,3,0,23,20,Set 1: 23-20,150m 0s,1st set,1.0,0.6,0.35294117647058826
198939,2025-06-04 22:26:57.759634,45645,2346,24,22,0,0,2,0,24,22,Set 1: 24-22,150m 0s,1st set,1.0,0.6,0.35294117647058826
198939,2025-06-04 22:27:42.158219,45645,2346,24,23,0,0,1,0,24,23,Set 1: 24-23,150m 0s,1st set,1.0,0.6,0.35294117647058826
198939,2025-06-04 22:28:41.151152,45645,2346,24,24,0,0,0,0,24,24,Set 1: 24-24,150m 0s,1st set,1.0,0.6,0.35294117647058826
198939,2025-06-04 22:29:24.757235,45645,2346,24,25,0,0,-1,0,24,25,Set 1: 24-25,150m 0s,1st set,1.0,0.6,0.35294117647058826
198939,2025-06-04 22:29:51.168708,45645,2346,25,25,0,0,0,0,25,25,Set 1: 25-25,150m 0s,1st set,1.0,0.6,0.35294117647058826
198939,2025-06-04 22:30:34.933266,45645,2346,25,26,0,0,-1,0,25,26,Set 1: 25-26,150m 0s,1st set,1.0,0.6,0.35294117647058826
198932,2025-06-04 22:31:09.344656,45638,2594,0,0,0,0,0,0,0,0,Set 1: 0-0,150m 0s,1st set,0.2,1.0,0.0
198939,2025-06-04 22:31:09.344904,45645,2346,26,26,0,0,0,0,26,26,Set 1: 26-26,150m 0s,1st set,1.0,0.6,0.35294117647058826
198932,2025-06-04 22:31:41.496820,45638,2594,1,1,0,0,0,0,1,1,Set 1: 1-1,150m 0s,1st set,0.2,1.0,0.0
198939,2025-06-04 22:31:41.497025,45645,2346,26,28,0,1,-2,-1,26,28,Set 1: 26-28,150m 0s,Pause,1.0,0.6,0.35294117647058826
198932,2025-06-04 22:32:13.704463,45638,2594,2,2,0,0,0,0,2,2,Set 1: 2-2,150m 0s,1st set,0.2,1.0,0.0
198932,2025-06-04 22:32:50.912492,45638,2594,3,2,0,0,1,0,3,2,Set 1: 3-2,150m 0s,1st set,0.2,1.0,0.0
198932,2025-06-04 22:33:23.086640,45638,2594,4,2,0,0,2,0,4,2,Set 1: 4-2,150m 0s,1st set,0.2,1.0,0.0
198932,2025-06-04 22:34:06.357341,45638,2594,4,3,0,0,1,0,4,3,Set 1: 4-3,150m 0s,1st set,0.2,1.0,0.0
198932,2025-06-04 22:34:38.666894,45638,2594,5,4,0,0,1,0,5,4,Set 1: 5-4,150m 0s,1st set,0.2,1.0,0.0
198932,2025-06-04 22:35:10.705346,45638,2594,5,5,0,0,0,0,5,5,Set 1: 5-5,150m 0s,1st set,0.2,1.0,0.0
198932,2025-06-04 22:35:21.811097,45638,2594,6,5,0,0,1,0,6,5,Set 1: 6-5,150m 0s,1st set,0.2,1.0,0.0
198932,2025-06-04 22:35:47.962088,45638,2594,6,6,0,0,0,0,6,6,Set 1: 6-6,150m 0s,1st set,0.2,1.0,0.0
198939,2025-06-04 22:35:47.962314,45645,2346,26,28,0,1,-2,-1,1,1,Set 1: 26-28 | Set 2: 1-1,150m 0s,2nd set,1.0,0.6,0.35294117647058826
198932,2025-06-04 22:40:05.164101,45638,2594,10,8,0,0,2,0,10,8,Set 1: 10-8,150m 0s,1st set,0.2,1.0,0.0
198939,2025-06-04 22:40:22.010462,45645,2346,31,30,0,1,1,-1,5,2,Set 1: 26-28 | Set 2: 5-2,150m 0s,2nd set,1.0,0.6,0.35294117647058826
198932,2025-06-04 22:40:33.410673,45638,2594,10,9,0,0,1,0,10,9,Set 1: 10-9,150m 0s,1st set,0.2,1.0,0.0
198939,2025-06-04 22:40:33.410843,45645,2346,31,32,0,1,-1,-1,5,4,Set 1: 26-28 | Set 2: 5-4,150m 0s,2nd set,1.0,0.6,0.35294117647058826
198939,2025-06-04 22:41:05.696293,45645,2346,31,33,0,1,-2,-1,5,5,Set 1: 26-28 | Set 2: 5-5,150m 0s,2nd set,1.0,0.6,0.35294117647058826
198932,2025-06-04 22:41:31.847696,45638,2594,11,10,0,0,1,0,11,10,Set 1: 11-10,150m 0s,1st set,0.2,1.0,0.0
198939,2025-06-04 22:41:57.898326,45645,2346,32,33,0,1,-1,-1,6,5,Set 1: 26-28 | Set 2: 6-5,150m 0s,2nd set,1.0,0.6,0.35294117647058826
198932,2025-06-04 22:42:30.465057,45638,2594,11,11,0,0,0,0,11,11,Set 1: 11-11,150m 0s,1st set,0.2,1.0,0.0
198932,2025-06-04 22:43:02.455334,45638,2594,11,12,0,0,-1,0,11,12,Set 1: 11-12,150m 0s,1st set,0.2,1.0,0.0
198939,2025-06-04 22:43:02.455470,45645,2346,32,34,0,1,-2,-1,6,6,Set 1: 26-28 | Set 2: 6-6,150m 0s,2nd set,1.0,0.6,0.35294117647058826
198932,2025-06-04 22:43:28.536644,45638,2594,11,13,0,0,-2,0,11,13,Set 1: 11-13,150m 0s,1st set,0.2,1.0,0.0
198939,2025-06-04 22:43:28.536797,45645,2346,34,34,0,1,0,-1,8,6,Set 1: 26-28 | Set 2: 8-6,150m 0s,2nd set,1.0,0.6,0.35294117647058826
198939,2025-06-04 22:43:39.511100,45645,2346,34,36,0,1,-2,-1,8,8,Set 1: 26-28 | Set 2: 8-8,150m 0s,2nd set,1.0,0.6,0.35294117647058826
198939,2025-06-04 22:44:06.575322,45645,2346,35,36,0,1,-1,-1,9,8,Set 1: 26-28 | Set 2: 9-8,150m 0s,2nd set,1.0,0.6,0.35294117647058826
198932,2025-06-04 22:44:32.731867,45638,2594,12,13,0,0,-1,0,12,13,Set 1: 12-13,150m 0s,1st set,0.2,1.0,0.0
198939,2025-06-04 22:44:32.732051,45645,2346,35,37,0,1,-2,-1,9,9,Set 1: 26-28 | Set 2: 9-9,150m 0s,2nd set,1.0,0.6,0.35294117647058826
198939,2025-06-04 22:44:58.758936,45645,2346,36,37,0,1,-1,-1,10,9,Set 1: 26-28 | Set 2: 10-9,150m 0s,2nd set,1.0,0.6,0.35294117647058826
198939,2025-06-04 22:45:30.760593,45645,2346,35,37,0,1,-2,-1,9,9,Set 1: 26-28 | Set 2: 9-9,150m 0s,2nd set,1.0,0.6,0.35294117647058826
198939,2025-06-04 22:46:02.806154,45645,2346,35,38,0,1,-3,-1,9,10,Set 1: 26-28 | Set 2: 9-10,150m 0s,2nd set,1.0,0.6,0.35294117647058826
198932,2025-06-04 22:46:35.364355,45638,2594,12,14,0,0,-2,0,12,14,Set 1: 12-14,150m 0s,1st set,0.2,1.0,0.0
198939,2025-06-04 22:46:35.364502,45645,2346,37,37,0,1,0,-1,11,9,Set 1: 26-28 | Set 2: 11-9,150m 0s,2nd set,1.0,0.6,0.35294117647058826
198932,2025-06-04 22:47:07.778751,45638,2594,12,13,0,0,-1,0,12,13,Set 1: 12-13,150m 0s,1st set,0.2,1.0,0.0
198939,2025-06-04 22:47:07.778914,45645,2346,36,37,0,1,-1,-1,10,9,Set 1: 26-28 | Set 2: 10-9,150m 0s,2nd set,1.0,0.6,0.35294117647058826
198932,2025-06-04 22:47:34.072489,45638,2594,14,13,0,0,1,0,14,13,Set 1: 14-13,150m 0s,1st set,0.2,1.0,0.0
198939,2025-06-04 22:47:34.072659,45645,2346,36,40,0,1,-4,-1,10,12,Set 1: 26-28 | Set 2: 10-12,150m 0s,2nd set,1.0,0.6,0.35294117647058826
198932,2025-06-04 22:48:06.565069,45638,2594,15,13,0,0,2,0,15,13,Set 1: 15-13,150m 0s,1st set,0.2,1.0,0.0
198939,2025-06-04 22:48:06.565229,45645,2346,38,40,0,1,-2,-1,12,12,Set 1: 26-28 | Set 2: 12-12,150m 0s,2nd set,1.0,0.6,0.35294117647058826
198932,2025-06-04 22:53:57.302003,45638,2594,19,22,0,0,-3,0,19,22,Set 1: 19-22,150m 0s,1st set,0.2,1.0,0.0
198939,2025-06-04 22:53:58.921387,45645,2346,42,46,0,1,-4,-1,16,18,Set 1: 26-28 | Set 2: 16-18,150m 0s,2nd set,1.0,0.6,0.35294117647058826
198932,2025-06-04 22:54:25.044762,45638,2594,20,22,0,0,-2,0,20,22,Set 1: 20-22,150m 0s,1st set,0.2,1.0,0.0
198939,2025-06-04 22:54:25.044920,45645,2346,44,46,0,1,-2,-1,18,18,Set 1: 26-28 | Set 2: 18-18,150m 0s,2nd set,1.0,0.6,0.35294117647058826
198939,2025-06-04 22:54:51.135433,45645,2346,44,47,0,1,-3,-1,18,19,Set 1: 26-28 | Set 2: 18-19,150m 0s,2nd set,1.0,0.6,0.35294117647058826
198932,2025-06-04 22:55:02.193098,45638,2594,20,23,0,0,-3,0,20,23,Set 1: 20-23,150m 0s,1st set,0.2,1.0,0.0
198932,2025-06-04 22:55:34.493637,45638,2594,20,24,0,0,-4,0,20,24,Set 1: 20-24,150m 0s,1st set,0.2,1.0,0.0
198939,2025-06-04 22:55:34.493811,45645,2346,44,48,0,1,-4,-1,18,20,Set 1: 26-28 | Set 2: 18-20,150m 0s,2nd set,1.0,0.6,0.35294117647058826
198932,2025-06-04 22:56:06.528784,45638,2594,21,24,0,0,-3,0,21,24,Set 1: 21-24,150m 0s,1st set,0.2,1.0,0.0
198932,2025-06-04 22:56:38.713414,45638,2594,20,24,0,0,-4,0,20,24,Set 1: 20-24,150m 0s,1st set,0.2,1.0,0.0
198939,2025-06-04 22:56:38.713593,45645,2346,44,50,0,1,-6,-1,18,22,Set 1: 26-28 | Set 2: 18-22,150m 0s,2nd set,1.0,0.6,0.35294117647058826
198932,2025-06-04 22:57:10.616056,45638,2594,21,25,0,1,-4,-1,21,25,Set 1: 21-25,150m 0s,Pause,0.2,1.0,0.0
198939,2025-06-04 22:57:36.638910,45645,2346,44,51,0,1,-7,-1,18,23,Set 1: 26-28 | Set 2: 18-23,150m 0s,2nd set,1.0,0.6,0.35294117647058826
198939,2025-06-04 22:58:28.822916,45645,2346,45,51,0,1,-6,-1,19,23,Set 1: 26-28 | Set 2: 19-23,150m 0s,2nd set,1.0,0.6,0.35294117647058826
198939,2025-06-04 22:58:55.171270,45645,2346,45,53,0,2,-8,-2,19,25,Set 1: 26-28 | Set 2: 19-25,150m 0s,Pause,1.0,0.6,0.35294117647058826
198932,2025-06-04 23:00:04.590719,45638,2594,21,25,0,1,-4,-1,?,?,Set 1: 21-25 | Set 2: ?-?,150m 0s,2nd set,0.2,1.0,0.0
198932,2025-06-04 23:00:37.030674,45638,2594,22,26,0,1,-4,-1,1,1,Set 1: 21-25 | Set 2: 1-1,150m 0s,Pause,0.2,1.0,0.0
198932,2025-06-04 23:01:13.025543,45638,2594,23,26,0,1,-3,-1,2,1,Set 1: 21-25 | Set 2: 2-1,150m 0s,Pause,0.2,1.0,0.0
198939,2025-06-04 23:01:29.612874,45645,2346,45,53,0,2,-8,-2,19,25,Set 1: 26-28 | Set 2: 19-25,150m 0s,Pause,1.0,0.6,0.35294117647058826
198932,2025-06-04 23:01:40.372628,45638,2594,23,27,0,1,-4,-1,2,2,Set 1: 21-25 | Set 2: 2-2,150m 0s,2nd set,0.2,1.0,0.0
198932,2025-06-04 23:02:02.354017,45638,2594,24,27,0,1,-3,-1,3,2,Set 1: 21-25 | Set 2: 3-2,150m 0s,2nd set,0.2,1.0,0.0
198932,2025-06-04 23:02:56.727104,45638,2594,24,28,0,1,-4,-1,3,3,Set 1: 21-25 | Set 2: 3-3,150m 0s,2nd set,0.2,1.0,0.0
198932,2025-06-04 23:03:07.789487,45638,2594,24,29,0,1,-5,-1,3,4,Set 1: 21-25 | Set 2: 3-4,150m 0s,2nd set,0.2,1.0,0.0
198932,2025-06-04 23:03:18.848153,45638,2594,25,29,0,1,-4,-1,4,4,Set 1: 21-25 | Set 2: 4-4,150m 0s,2nd set,0.2,1.0,0.0
198939,2025-06-04 23:03:40.350977,45645,2346,45,53,0,2,-8,-2,0,0,Set 1: 26-28 | Set 2: 19-25 | Set 3: 0-0,150m 0s,3rd set,1.0,0.6,0.35294117647058826
198932,2025-06-04 23:04:11.402680,45638,2594,26,29,0,1,-3,-1,5,4,Set 1: 21-25 | Set 2: 5-4,150m 0s,2nd set,0.2,1.0,0.0
198939,2025-06-04 23:04:33.190673,45645,2346,46,53,0,2,-7,-2,1,0,Set 1: 26-28 | Set 2: 19-25 | Set 3: 1-0,150m 0s,3rd set,1.0,0.6,0.35294117647058826
198932,2025-06-04 23:04:54.558750,45638,2594,26,31,0,1,-5,-1,5,6,Set 1: 21-25 | Set 2: 5-6,150m 0s,2nd set,0.2,1.0,0.0
198939,2025-06-04 23:05:37.392372,45645,2346,47,53,0,2,-6,-2,2,0,Set 1: 26-28 | Set 2: 19-25 | Set 3: 2-0,150m 0s,3rd set,1.0,0.6,0.35294117647058826
198932,2025-06-04 23:06:40.629097,45638,2594,27,33,0,1,-6,-1,6,8,Set 1: 21-25 | Set 2: 6-8,150m 0s,2nd set,0.2,1.0,0.0
198939,2025-06-04 23:06:40.629289,45645,2346,48,54,0,2,-6,-2,3,1,Set 1: 26-28 | Set 2: 19-25 | Set 3: 3-1,150m 0s,3rd set,1.0,0.6,0.35294117647058826
198932,2025-06-04 23:07:22.408794,45638,2594,27,34,0,1,-7,-1,6,9,Set 1: 21-25 | Set 2: 6-9,150m 0s,2nd set,0.2,1.0,0.0
198939,2025-06-04 23:07:22.408848,45645,2346,49,55,0,2,-6,-2,4,2,Set 1: 26-28 | Set 2: 19-25 | Set 3: 4-2,150m 0s,3rd set,1.0,0.6,0.35294117647058826
198939,2025-06-04 23:07:33.467242,45645,2346,50,55,0,2,-5,-2,5,2,Set 1: 26-28 | Set 2: 19-25 | Set 3: 5-2,150m 0s,3rd set,1.0,0.6,0.35294117647058826
198939,2025-06-04 23:07:44.147992,45645,2346,50,56,0,2,-6,-2,5,3,Set 1: 26-28 | Set 2: 19-25 | Set 3: 5-3,150m 0s,3rd set,1.0,0.6,0.35294117647058826
198932,2025-06-04 23:07:54.972231,45638,2594,27,35,0,1,-8,-1,6,10,Set 1: 21-25 | Set 2: 6-10,150m 0s,2nd set,0.2,1.0,0.0
198939,2025-06-04 23:07:54.972461,45645,2346,51,56,0,2,-5,-2,6,3,Set 1: 26-28 | Set 2: 19-25 | Set 3: 6-3,150m 0s,3rd set,1.0,0.6,0.35294117647058826
198939,2025-06-04 23:08:16.470035,45645,2346,51,57,0,2,-6,-2,6,4,Set 1: 26-28 | Set 2: 19-25 | Set 3: 6-4,150m 0s,3rd set,1.0,0.6,0.35294117647058826
198939,2025-06-04 23:08:47.370842,45645,2346,51,58,0,2,-7,-2,6,5,Set 1: 26-28 | Set 2: 19-25 | Set 3: 6-5,150m 0s,3rd set,1.0,0.6,0.35294117647058826
198939,2025-06-04 23:09:39.944973,45645,2346,53,58,0,2,-5,-2,8,5,Set 1: 26-28 | Set 2: 19-25 | Set 3: 8-5,150m 0s,3rd set,1.0,0.6,0.35294117647058826
198932,2025-06-04 23:10:10.945413,45638,2594,27,37,0,1,-10,-1,6,12,Set 1: 21-25 | Set 2: 6-12,150m 0s,2nd set,0.2,1.0,0.0
198939,2025-06-04 23:10:10.945638,45645,2346,54,58,0,2,-4,-2,9,5,Set 1: 26-28 | Set 2: 19-25 | Set 3: 9-5,150m 0s,3rd set,1.0,0.6,0.35294117647058826
198932,2025-06-04 23:10:41.855201,45638,2594,27,38,0,1,-11,-1,6,13,Set 1: 21-25 | Set 2: 6-13,150m 0s,2nd set,0.2,1.0,0.0
198932,2025-06-04 23:11:23.518354,45638,2594,27,39,0,1,-12,-1,6,14,Set 1: 21-25 | Set 2: 6-14,150m 0s,2nd set,0.2,1.0,0.0
198939,2025-06-04 23:11:55.601185,45645,2346,55,58,0,2,-3,-2,10,5,Set 1: 26-28 | Set 2: 19-25 | Set 3: 10-5,150m 0s,3rd set,1.0,0.6,0.35294117647058826
198939,2025-06-04 23:12:06.498039,45645,2346,56,58,0,2,-2,-2,11,5,Set 1: 26-28 | Set 2: 19-25 | Set 3: 11-5,150m 0s,3rd set,1.0,0.6,0.35294117647058826
198939,2025-06-04 23:12:48.344042,45645,2346,57,58,0,2,-1,-2,12,5,Set 1: 26-28 | Set 2: 19-25 | Set 3: 12-5,150m 0s,3rd set,1.0,0.6,0.35294117647058826
198932,2025-06-04 23:13:09.665641,45638,2594,28,39,0,1,-11,-1,7,14,Set 1: 21-25 | Set 2: 7-14,150m 0s,2nd set,0.2,1.0,0.0
198932,2025-06-04 23:14:12.662628,45638,2594,29,39,0,1,-10,-1,8,14,Set 1: 21-25 | Set 2: 8-14,150m 0s,2nd set,0.2,1.0,0.0
198932,2025-06-04 23:14:43.660518,45638,2594,30,39,0,1,-9,-1,9,14,Set 1: 21-25 | Set 2: 9-14,150m 0s,2nd set,0.2,1.0,0.0
198932,2025-06-04 23:14:54.601092,45638,2594,30,40,0,1,-10,-1,9,15,Set 1: 21-25 | Set 2: 9-15,150m 0s,2nd set,0.2,1.0,0.0
198932,2025-06-04 23:15:47.657208,45638,2594,30,41,0,1,-11,-1,9,16,Set 1: 21-25 | Set 2: 9-16,150m 0s,2nd set,0.2,1.0,0.0
198932,2025-06-04 23:16:09.658155,45638,2594,31,41,0,1,-10,-1,10,16,Set 1: 21-25 | Set 2: 10-16,150m 0s,2nd set,0.2,1.0,0.0
198939,2025-06-04 23:16:40.583915,45645,2346,58,58,0,2,0,-2,13,5,Set 1: 26-28 | Set 2: 19-25 | Set 3: 13-5,150m 0s,3rd set,1.0,0.6,0.35294117647058826
198932,2025-06-04 23:17:22.362363,45638,2594,34,41,0,1,-7,-1,13,16,Set 1: 21-25 | Set 2: 13-16,150m 0s,2nd set,0.2,1.0,0.0
198939,2025-06-04 23:17:54.310722,45645,2346,58,60,0,2,-2,-2,13,7,Set 1: 26-28 | Set 2: 19-25 | Set 3: 13-7,150m 0s,3rd set,1.0,0.6,0.35294117647058826
198939,2025-06-04 23:18:15.677499,45645,2346,59,60,0,2,-1,-2,14,7,Set 1: 26-28 | Set 2: 19-25 | Set 3: 14-7,150m 0s,3rd set,1.0,0.6,0.35294117647058826
198939,2025-06-04 23:18:46.502019,45645,2346,59,61,0,2,-2,-2,14,8,Set 1: 26-28 | Set 2: 19-25 | Set 3: 14-8,150m 0s,3rd set,1.0,0.6,0.35294117647058826
198932,2025-06-04 23:18:57.108735,45638,2594,35,41,0,1,-6,-1,14,16,Set 1: 21-25 | Set 2: 14-16,150m 0s,2nd set,0.2,1.0,0.0
198932,2025-06-04 23:19:28.312807,45638,2594,34,41,0,1,-7,-1,13,16,Set 1: 21-25 | Set 2: 13-16,150m 0s,2nd set,0.2,1.0,0.0
198939,2025-06-04 23:19:28.313059,45645,2346,59,62,0,2,-3,-2,14,9,Set 1: 26-28 | Set 2: 19-25 | Set 3: 14-9,150m 0s,3rd set,1.0,0.6,0.35294117647058826
198939,2025-06-04 23:19:38.948186,45645,2346,60,62,0,2,-2,-2,15,9,Set 1: 26-28 | Set 2: 19-25 | Set 3: 15-9,150m 0s,3rd set,1.0,0.6,0.35294117647058826
198932,2025-06-04 23:20:00.262052,45638,2594,36,41,0,1,-5,-1,15,16,Set 1: 21-25 | Set 2: 15-16,150m 0s,2nd set,0.2,1.0,0.0
198939,2025-06-04 23:20:00.262261,45645,2346,60,63,0,2,-3,-2,15,10,Set 1: 26-28 | Set 2: 19-25 | Set 3: 15-10,150m 0s,3rd set,1.0,0.6,0.35294117647058826
198932,2025-06-04 23:21:42.682260,45638,2594,37,43,0,1,-6,-1,16,18,Set 1: 21-25 | Set 2: 16-18,150m 0s,2nd set,0.2,1.0,0.0
198939,2025-06-04 23:21:59.389887,45645,2346,61,64,0,2,-3,-2,16,11,Set 1: 26-28 | Set 2: 19-25 | Set 3: 16-11,150m 0s,3rd set,1.0,0.6,0.35294117647058826
198939,2025-06-04 23:22:11.511308,45645,2346,62,64,0,2,-2,-2,17,11,Set 1: 26-28 | Set 2: 19-25 | Set 3: 17-11,150m 0s,3rd set,1.0,0.6,0.35294117647058826
198932,2025-06-04 23:22:42.539784,45638,2594,38,43,0,1,-5,-1,17,18,Set 1: 21-25 | Set 2: 17-18,150m 0s,2nd set,0.2,1.0,0.0
198939,2025-06-04 23:22:42.539943,45645,2346,63,65,0,2,-2,-2,18,12,Set 1: 26-28 | Set 2: 19-25 | Set 3: 18-12,150m 0s,3rd set,1.0,0.6,0.35294117647058826
198932,2025-06-04 23:24:03.662522,45638,2594,38,46,0,1,-8,-1,17,21,Set 1: 21-25 | Set 2: 17-21,150m 0s,2nd set,0.2,1.0,0.0
198939,2025-06-04 23:24:03.662579,45645,2346,64,65,0,2,-1,-2,19,12,Set 1: 26-28 | Set 2: 19-25 | Set 3: 19-12,150m 0s,3rd set,1.0,0.6,0.35294117647058826
198939,2025-06-04 23:24:14.451425,45645,2346,63,66,0,2,-3,-2,18,13,Set 1: 26-28 | Set 2: 19-25 | Set 3: 18-13,150m 0s,3rd set,1.0,0.6,0.35294117647058826
198939,2025-06-04 23:24:25.039224,45645,2346,65,66,0,2,-1,-2,20,13,Set 1: 26-28 | Set 2: 19-25 | Set 3: 20-13,150m 0s,3rd set,1.0,0.6,0.35294117647058826
198932,2025-06-04 23:24:35.734243,45638,2594,39,46,0,1,-7,-1,18,21,Set 1: 21-25 | Set 2: 18-21,150m 0s,2nd set,0.2,1.0,0.0
198939,2025-06-04 23:24:46.314045,45645,2346,66,66,0,2,0,-2,21,13,Set 1: 26-28 | Set 2: 19-25 | Set 3: 21-13,150m 0s,3rd set,1.0,0.6,0.35294117647058826
198932,2025-06-04 23:25:07.716108,45638,2594,40,46,0,1,-6,-1,19,21,Set 1: 21-25 | Set 2: 19-21,150m 0s,2nd set,0.2,1.0,0.0
198932,2025-06-04 23:25:18.657625,45638,2594,39,47,0,1,-8,-1,18,22,Set 1: 21-25 | Set 2: 18-22,150m 0s,2nd set,0.2,1.0,0.0
198939,2025-06-04 23:25:18.657785,45645,2346,65,66,0,2,-1,-2,20,13,Set 1: 26-28 | Set 2: 19-25 | Set 3: 20-13,150m 0s,3rd set,1.0,0.6,0.35294117647058826
198939,2025-06-04 23:25:49.609584,45645,2346,67,66,0,2,1,-2,22,13,Set 1: 26-28 | Set 2: 19-25 | Set 3: 22-13,150m 0s,3rd set,1.0,0.6,0.35294117647058826
198932,2025-06-04 23:26:11.038110,45638,2594,40,47,0,1,-7,-1,19,22,Set 1: 21-25 | Set 2: 19-22,150m 0s,2nd set,0.2,1.0,0.0
198932,2025-06-04 23:26:41.947334,45638,2594,40,48,0,1,-8,-1,19,23,Set 1: 21-25 | Set 2: 19-23,150m 0s,2nd set,0.2,1.0,0.0
198939,2025-06-04 23:26:52.659305,45645,2346,67,67,0,2,0,-2,22,14,Set 1: 26-28 | Set 2: 19-25 | Set 3: 22-14,150m 0s,3rd set,1.0,0.6,0.35294117647058826
198932,2025-06-04 23:27:03.410958,45638,2594,40,49,0,1,-9,-1,19,24,Set 1: 21-25 | Set 2: 19-24,150m 0s,2nd set,0.2,1.0,0.0
198932,2025-06-04 23:27:34.438175,45638,2594,41,49,0,1,-8,-1,20,24,Set 1: 21-25 | Set 2: 20-24,150m 0s,2nd set,0.2,1.0,0.0
198939,2025-06-04 23:27:34.438339,45645,2346,67,68,0,2,-1,-2,22,15,Set 1: 26-28 | Set 2: 19-25 | Set 3: 22-15,150m 0s,3rd set,1.0,0.6,0.35294117647058826
198932,2025-06-04 23:27:45.190553,45638,2594,41,50,0,2,-9,-2,20,25,Set 1: 21-25 | Set 2: 20-25,150m 0s,Pause,0.2,1.0,0.0
198939,2025-06-04 23:27:45.190716,45645,2346,68,68,0,2,0,-2,23,15,Set 1: 26-28 | Set 2: 19-25 | Set 3: 23-15,150m 0s,3rd set,1.0,0.6,0.35294117647058826
198939,2025-06-04 23:28:06.695733,45645,2346,69,68,0,2,1,-2,24,15,Set 1: 26-28 | Set 2: 19-25 | Set 3: 24-15,150m 0s,3rd set,1.0,0.6,0.35294117647058826
198939,2025-06-04 23:28:17.446329,45645,2346,68,68,0,2,0,-2,23,15,Set 1: 26-28 | Set 2: 19-25 | Set 3: 23-15,150m 0s,3rd set,1.0,0.6,0.35294117647058826
198939,2025-06-04 23:28:48.340552,45645,2346,70,68,1,2,2,-1,25,15,Set 1: 26-28 | Set 2: 19-25 | Set 3: 25-15,150m 0s,Pause,1.0,0.6,0.35294117647058826
198932,2025-06-04 23:34:02.153804,45638,2594,42,51,0,2,-9,-2,1,1,Set 1: 21-25 | Set 2: 20-25 | Set 3: 1-1,150m 0s,3rd set,0.2,1.0,0.0
198939,2025-06-04 23:34:03.424159,45645,2346,71,70,1,2,1,-1,1,2,Set 1: 26-28 | Set 2: 19-25 | Set 3: 25-15 | Set 4: 1-2,150m 0s,4th set,1.0,0.6,0.35294117647058826
198932,2025-06-04 23:34:14.083505,45638,2594,42,52,0,2,-10,-2,1,2,Set 1: 21-25 | Set 2: 20-25 | Set 3: 1-2,150m 0s,3rd set,0.2,1.0,0.0
198939,2025-06-04 23:34:14.083683,45645,2346,72,70,1,2,2,-1,2,2,Set 1: 26-28 | Set 2: 19-25 | Set 3: 25-15 | Set 4: 2-2,150m 0s,4th set,1.0,0.6,0.35294117647058826
198939,2025-06-04 23:34:44.741430,45645,2346,73,70,1,2,3,-1,3,2,Set 1: 26-28 | Set 2: 19-25 | Set 3: 25-15 | Set 4: 3-2,150m 0s,4th set,1.0,0.6,0.35294117647058826
198932,2025-06-04 23:35:25.841001,45638,2594,43,53,0,2,-10,-2,2,3,Set 1: 21-25 | Set 2: 20-25 | Set 3: 2-3,150m 0s,3rd set,0.2,1.0,0.0
198939,2025-06-04 23:35:25.841173,45645,2346,72,70,1,2,2,-1,2,2,Set 1: 26-28 | Set 2: 19-25 | Set 3: 25-15 | Set 4: 2-2,150m 0s,4th set,1.0,0.6,0.35294117647058826
198939,2025-06-04 23:35:36.304396,45645,2346,71,70,1,2,1,-1,1,2,Set 1: 26-28 | Set 2: 19-25 | Set 3: 25-15 | Set 4: 1-2,150m 0s,4th set,1.0,0.6,0.35294117647058826
198932,2025-06-04 23:35:46.762254,45638,2594,43,54,0,2,-11,-2,2,4,Set 1: 21-25 | Set 2: 20-25 | Set 3: 2-4,150m 0s,3rd set,0.2,1.0,0.0
198939,2025-06-04 23:35:57.291296,45645,2346,71,69,1,2,2,-1,1,1,Set 1: 26-28 | Set 2: 19-25 | Set 3: 25-15 | Set 4: 1-1,150m 0s,4th set,1.0,0.6,0.35294117647058826
198939,2025-06-04 23:36:38.373572,45645,2346,74,70,1,2,4,-1,4,2,Set 1: 26-28 | Set 2: 19-25 | Set 3: 25-15 | Set 4: 4-2,150m 0s,4th set,1.0,0.6,0.35294117647058826
198932,2025-06-04 23:37:19.509382,45638,2594,45,54,0,2,-9,-2,4,4,Set 1: 21-25 | Set 2: 20-25 | Set 3: 4-4,150m 0s,3rd set,0.2,1.0,0.0
198939,2025-06-04 23:37:19.509553,45645,2346,75,71,1,2,4,-1,5,3,Set 1: 26-28 | Set 2: 19-25 | Set 3: 25-15 | Set 4: 5-3,150m 0s,4th set,1.0,0.6,0.35294117647058826
198932,2025-06-04 23:38:11.142839,45638,2594,46,55,0,2,-9,-2,5,5,Set 1: 21-25 | Set 2: 20-25 | Set 3: 5-5,150m 0s,3rd set,0.2,1.0,0.0
198939,2025-06-04 23:38:11.142998,45645,2346,76,72,1,2,4,-1,6,4,Set 1: 26-28 | Set 2: 19-25 | Set 3: 25-15 | Set 4: 6-4,150m 0s,4th set,1.0,0.6,0.35294117647058826
198932,2025-06-04 23:38:52.399148,45638,2594,47,56,0,2,-9,-2,6,6,Set 1: 21-25 | Set 2: 20-25 | Set 3: 6-6,150m 0s,3rd set,0.2,1.0,0.0
198939,2025-06-04 23:38:52.399346,45645,2346,76,74,1,2,2,-1,6,6,Set 1: 26-28 | Set 2: 19-25 | Set 3: 25-15 | Set 4: 6-6,150m 0s,4th set,1.0,0.6,0.35294117647058826
198932,2025-06-04 23:39:33.716569,45638,2594,46,57,0,2,-11,-2,5,7,Set 1: 21-25 | Set 2: 20-25 | Set 3: 5-7,150m 0s,3rd set,0.2,1.0,0.0
198939,2025-06-04 23:39:33.716690,45645,2346,77,74,1,2,3,-1,7,6,Set 1: 26-28 | Set 2: 19-25 | Set 3: 25-15 | Set 4: 7-6,150m 0s,4th set,1.0,0.6,0.35294117647058826
198932,2025-06-04 23:40:15.137922,45638,2594,47,58,0,2,-11,-2,6,8,Set 1: 21-25 | Set 2: 20-25 | Set 3: 6-8,150m 0s,3rd set,0.2,1.0,0.0
198939,2025-06-04 23:40:15.138032,45645,2346,77,75,1,2,2,-1,7,7,Set 1: 26-28 | Set 2: 19-25 | Set 3: 25-15 | Set 4: 7-7,150m 0s,4th set,1.0,0.6,0.35294117647058826
198932,2025-06-04 23:40:45.826626,45638,2594,47,59,0,2,-12,-2,6,9,Set 1: 21-25 | Set 2: 20-25 | Set 3: 6-9,150m 0s,3rd set,0.2,1.0,0.0
198939,2025-06-04 23:40:45.826708,45645,2346,77,76,1,2,1,-1,7,8,Set 1: 26-28 | Set 2: 19-25 | Set 3: 25-15 | Set 4: 7-8,150m 0s,4th set,1.0,0.6,0.35294117647058826
198932,2025-06-04 23:41:17.354696,45638,2594,48,59,0,2,-11,-2,7,9,Set 1: 21-25 | Set 2: 20-25 | Set 3: 7-9,150m 0s,3rd set,0.2,1.0,0.0
198932,2025-06-04 23:41:58.591102,45638,2594,49,59,0,2,-10,-2,8,9,Set 1: 21-25 | Set 2: 20-25 | Set 3: 8-9,150m 0s,3rd set,0.2,1.0,0.0
198939,2025-06-04 23:41:58.591171,45645,2346,78,76,1,2,2,-1,8,8,Set 1: 26-28 | Set 2: 19-25 | Set 3: 25-15 | Set 4: 8-8,150m 0s,4th set,1.0,0.6,0.35294117647058826
198932,2025-06-04 23:42:29.267739,45638,2594,49,62,0,2,-13,-2,8,12,Set 1: 21-25 | Set 2: 20-25 | Set 3: 8-12,150m 0s,3rd set,0.2,1.0,0.0
198939,2025-06-04 23:42:29.267863,45645,2346,77,76,1,2,1,-1,7,8,Set 1: 26-28 | Set 2: 19-25 | Set 3: 25-15 | Set 4: 7-8,150m 0s,4th set,1.0,0.6,0.35294117647058826
198939,2025-06-04 23:42:59.931686,45645,2346,77,77,1,2,0,-1,7,9,Set 1: 26-28 | Set 2: 19-25 | Set 3: 25-15 | Set 4: 7-9,150m 0s,4th set,1.0,0.6,0.35294117647058826
198939,2025-06-04 23:43:10.439160,45645,2346,78,77,1,2,1,-1,8,9,Set 1: 26-28 | Set 2: 19-25 | Set 3: 25-15 | Set 4: 8-9,150m 0s,4th set,1.0,0.6,0.35294117647058826
198939,2025-06-04 23:43:41.112938,45645,2346,78,79,1,2,-1,-1,8,11,Set 1: 26-28 | Set 2: 19-25 | Set 3: 25-15 | Set 4: 8-11,150m 0s,4th set,1.0,0.6,0.35294117647058826
198932,2025-06-04 23:43:51.610300,45638,2594,49,63,0,2,-14,-2,8,13,Set 1: 21-25 | Set 2: 20-25 | Set 3: 8-13,150m 0s,3rd set,0.2,1.0,0.0
198932,2025-06-04 23:44:23.007484,45638,2594,50,63,0,2,-13,-2,9,13,Set 1: 21-25 | Set 2: 20-25 | Set 3: 9-13,150m 0s,3rd set,0.2,1.0,0.0
198932,2025-06-04 23:44:33.600772,45638,2594,50,64,0,2,-14,-2,9,14,Set 1: 21-25 | Set 2: 20-25 | Set 3: 9-14,150m 0s,3rd set,0.2,1.0,0.0
198939,2025-06-04 23:44:44.059829,45645,2346,79,79,1,2,0,-1,9,11,Set 1: 26-28 | Set 2: 19-25 | Set 3: 25-15 | Set 4: 9-11,150m 0s,4th set,1.0,0.6,0.35294117647058826
198939,2025-06-04 23:45:04.992601,45645,2346,79,80,1,2,-1,-1,9,12,Set 1: 26-28 | Set 2: 19-25 | Set 3: 25-15 | Set 4: 9-12,150m 0s,4th set,1.0,0.6,0.35294117647058826
198932,2025-06-04 23:45:15.465998,45638,2594,51,64,0,2,-13,-2,10,14,Set 1: 21-25 | Set 2: 20-25 | Set 3: 10-14,150m 0s,3rd set,0.2,1.0,0.0
198939,2025-06-04 23:45:25.927477,45645,2346,79,81,1,2,-2,-1,9,13,Set 1: 26-28 | Set 2: 19-25 | Set 3: 25-15 | Set 4: 9-13,150m 0s,4th set,1.0,0.6,0.35294117647058826
198932,2025-06-04 23:45:56.651098,45638,2594,51,65,0,2,-14,-2,10,15,Set 1: 21-25 | Set 2: 20-25 | Set 3: 10-15,150m 0s,3rd set,0.2,1.0,0.0
198939,2025-06-04 23:45:56.651329,45645,2346,79,82,1,2,-3,-1,9,14,Set 1: 26-28 | Set 2: 19-25 | Set 3: 25-15 | Set 4: 9-14,150m 0s,4th set,1.0,0.6,0.35294117647058826
198939,2025-06-04 23:46:27.324565,45645,2346,80,82,1,2,-2,-1,10,14,Set 1: 26-28 | Set 2: 19-25 | Set 3: 25-15 | Set 4: 10-14,150m 0s,4th set,1.0,0.6,0.35294117647058826
198932,2025-06-04 23:46:57.985170,45638,2594,51,66,0,2,-15,-2,10,16,Set 1: 21-25 | Set 2: 20-25 | Set 3: 10-16,150m 0s,3rd set,0.2,1.0,0.0
198939,2025-06-04 23:46:57.985234,45645,2346,81,83,1,2,-2,-1,11,15,Set 1: 26-28 | Set 2: 19-25 | Set 3: 25-15 | Set 4: 11-15,150m 0s,4th set,1.0,0.6,0.35294117647058826
198932,2025-06-04 23:47:28.614549,45638,2594,53,66,0,2,-13,-2,12,16,Set 1: 21-25 | Set 2: 20-25 | Set 3: 12-16,150m 0s,3rd set,0.2,1.0,0.0
198939,2025-06-04 23:47:28.614668,45645,2346,82,83,1,2,-1,-1,12,15,Set 1: 26-28 | Set 2: 19-25 | Set 3: 25-15 | Set 4: 12-15,150m 0s,4th set,1.0,0.6,0.35294117647058826
198932,2025-06-04 23:47:39.089293,45638,2594,53,67,0,2,-14,-2,12,17,Set 1: 21-25 | Set 2: 20-25 | Set 3: 12-17,150m 0s,3rd set,0.2,1.0,0.0
198932,2025-06-04 23:48:09.890371,45638,2594,54,67,0,2,-13,-2,13,17,Set 1: 21-25 | Set 2: 20-25 | Set 3: 13-17,150m 0s,3rd set,0.2,1.0,0.0
198939,2025-06-04 23:48:09.890439,45645,2346,83,83,1,2,0,-1,13,15,Set 1: 26-28 | Set 2: 19-25 | Set 3: 25-15 | Set 4: 13-15,150m 0s,4th set,1.0,0.6,0.35294117647058826
198932,2025-06-04 23:48:20.351982,45638,2594,53,67,0,2,-14,-2,12,17,Set 1: 21-25 | Set 2: 20-25 | Set 3: 12-17,150m 0s,3rd set,0.2,1.0,0.0
198939,2025-06-04 23:48:20.352849,45645,2346,82,83,1,2,-1,-1,12,15,Set 1: 26-28 | Set 2: 19-25 | Set 3: 25-15 | Set 4: 12-15,150m 0s,4th set,1.0,0.6,0.35294117647058826
198932,2025-06-04 23:48:51.043771,45638,2594,53,68,0,2,-15,-2,12,18,Set 1: 21-25 | Set 2: 20-25 | Set 3: 12-18,150m 0s,3rd set,0.2,1.0,0.0
198939,2025-06-04 23:48:51.043840,45645,2346,84,83,1,2,1,-1,14,15,Set 1: 26-28 | Set 2: 19-25 | Set 3: 25-15 | Set 4: 14-15,150m 0s,4th set,1.0,0.6,0.35294117647058826
198932,2025-06-04 23:49:01.489477,45638,2594,55,68,0,2,-13,-2,14,18,Set 1: 21-25 | Set 2: 20-25 | Set 3: 14-18,150m 0s,3rd set,0.2,1.0,0.0
198939,2025-06-04 23:49:11.967330,45645,2346,85,84,1,2,1,-1,15,16,Set 1: 26-28 | Set 2: 19-25 | Set 3: 25-15 | Set 4: 15-16,150m 0s,4th set,1.0,0.6,0.35294117647058826
198939,2025-06-04 23:49:42.655615,45645,2346,86,84,1,2,2,-1,16,16,Set 1: 26-28 | Set 2: 19-25 | Set 3: 25-15 | Set 4: 16-16,150m 0s,4th set,1.0,0.6,0.35294117647058826
198932,2025-06-04 23:49:53.124743,45638,2594,55,69,0,2,-14,-2,14,19,Set 1: 21-25 | Set 2: 20-25 | Set 3: 14-19,150m 0s,3rd set,0.2,1.0,0.0
198932,2025-06-04 23:50:03.616597,45638,2594,56,69,0,2,-13,-2,15,19,Set 1: 21-25 | Set 2: 20-25 | Set 3: 15-19,150m 0s,3rd set,0.2,1.0,0.0
198932,2025-06-04 23:50:34.323420,45638,2594,55,70,0,2,-15,-2,14,20,Set 1: 21-25 | Set 2: 20-25 | Set 3: 14-20,150m 0s,3rd set,0.2,1.0,0.0
198939,2025-06-04 23:50:34.323507,45645,2346,87,84,1,2,3,-1,17,16,Set 1: 26-28 | Set 2: 19-25 | Set 3: 25-15 | Set 4: 17-16,150m 0s,4th set,1.0,0.6,0.35294117647058826
198932,2025-06-04 23:51:06.125044,45638,2594,56,70,0,2,-14,-2,15,20,Set 1: 21-25 | Set 2: 20-25 | Set 3: 15-20,150m 0s,3rd set,0.2,1.0,0.0
198939,2025-06-04 23:51:06.125121,45645,2346,88,84,1,2,4,-1,18,16,Set 1: 26-28 | Set 2: 19-25 | Set 3: 25-15 | Set 4: 18-16,150m 0s,4th set,1.0,0.6,0.35294117647058826
198932,2025-06-04 23:51:47.280414,45638,2594,56,71,0,2,-15,-2,15,21,Set 1: 21-25 | Set 2: 20-25 | Set 3: 15-21,150m 0s,3rd set,0.2,1.0,0.0
198932,2025-06-04 23:52:38.965698,45638,2594,56,72,0,2,-16,-2,15,22,Set 1: 21-25 | Set 2: 20-25 | Set 3: 15-22,150m 0s,3rd set,0.2,1.0,0.0
198939,2025-06-04 23:52:38.965829,45645,2346,89,84,1,2,5,-1,19,16,Set 1: 26-28 | Set 2: 19-25 | Set 3: 25-15 | Set 4: 19-16,150m 0s,4th set,1.0,0.6,0.35294117647058826
198932,2025-06-04 23:53:09.724488,45638,2594,56,73,0,2,-17,-2,15,23,Set 1: 21-25 | Set 2: 20-25 | Set 3: 15-23,150m 0s,3rd set,0.2,1.0,0.0
198939,2025-06-04 23:53:09.724571,45645,2346,89,85,1,2,4,-1,19,17,Set 1: 26-28 | Set 2: 19-25 | Set 3: 25-15 | Set 4: 19-17,150m 0s,4th set,1.0,0.6,0.35294117647058826
198939,2025-06-04 23:53:20.158589,45645,2346,90,85,1,2,5,-1,20,17,Set 1: 26-28 | Set 2: 19-25 | Set 3: 25-15 | Set 4: 20-17,150m 0s,4th set,1.0,0.6,0.35294117647058826
198932,2025-06-04 23:53:41.122834,45638,2594,57,73,0,2,-16,-2,16,23,Set 1: 21-25 | Set 2: 20-25 | Set 3: 16-23,150m 0s,3rd set,0.2,1.0,0.0
198939,2025-06-04 23:53:41.122928,45645,2346,91,85,1,2,6,-1,21,17,Set 1: 26-28 | Set 2: 19-25 | Set 3: 25-15 | Set 4: 21-17,150m 0s,4th set,1.0,0.6,0.35294117647058826
198938,2025-06-05 10:25:54.848512,45540,2384,63,57,2,0,6,2,13,12,Set 1: 25-22 | Set 2: 25-23 | Set 3: 13-12,150m 0s,3rd set,0.8,0.6,0.8333333333333334
198938,2025-06-05 10:26:15.784176,45540,2384,63,56,2,0,7,2,13,11,Set 1: 25-22 | Set 2: 25-23 | Set 3: 13-11,150m 0s,3rd set,0.8,0.6,0.8333333333333334
198938,2025-06-05 10:26:46.410436,45540,2384,63,58,2,0,5,2,13,13,Set 1: 25-22 | Set 2: 25-23 | Set 3: 13-13,150m 0s,3rd set,0.8,0.6,0.8333333333333334
198938,2025-06-05 10:27:27.515178,45540,2384,64,59,2,0,5,2,14,14,Set 1: 25-22 | Set 2: 25-23 | Set 3: 14-14,150m 0s,3rd set,0.8,0.6,0.8333333333333334
198938,2025-06-05 10:27:58.207668,45540,2384,65,59,2,0,6,2,15,14,Set 1: 25-22 | Set 2: 25-23 | Set 3: 15-14,150m 0s,3rd set,0.8,0.6,0.8333333333333334
198938,2025-06-05 10:28:39.289503,45540,2384,66,59,2,0,7,2,16,14,Set 1: 25-22 | Set 2: 25-23 | Set 3: 16-14,150m 0s,3rd set,0.8,0.6,0.8333333333333334
198938,2025-06-05 10:28:49.771738,45540,2384,67,59,2,0,8,2,17,14,Set 1: 25-22 | Set 2: 25-23 | Set 3: 17-14,150m 0s,3rd set,0.8,0.6,0.8333333333333334
198938,2025-06-05 10:30:12.089832,45540,2384,67,60,2,0,7,2,17,15,Set 1: 25-22 | Set 2: 25-23 | Set 3: 17-15,150m 0s,3rd set,0.8,0.6,0.8333333333333334
198938,2025-06-05 10:30:33.218062,45540,2384,68,60,2,0,8,2,18,15,Set 1: 25-22 | Set 2: 25-23 | Set 3: 18-15,150m 0s,3rd set,0.8,0.6,0.8333333333333334
198938,2025-06-05 10:31:04.668792,45540,2384,68,61,2,0,7,2,18,16,Set 1: 25-22 | Set 2: 25-23 | Set 3: 18-16,150m 0s,3rd set,0.8,0.6,0.8333333333333334
198938,2025-06-05 10:31:45.794793,45540,2384,69,61,2,0,8,2,19,16,Set 1: 25-22 | Set 2: 25-23 | Set 3: 19-16,150m 0s,3rd set,0.8,0.6,0.8333333333333334
198938,2025-06-05 10:31:56.291189,45540,2384,69,62,2,0,7,2,19,17,Set 1: 25-22 | Set 2: 25-23 | Set 3: 19-17,150m 0s,3rd set,0.8,0.6,0.8333333333333334
198938,2025-06-05 10:33:38.789234,45540,2384,70,63,2,0,7,2,20,18,Set 1: 25-22 | Set 2: 25-23 | Set 3: 20-18,150m 0s,3rd set,0.8,0.6,0.8333333333333334
198938,2025-06-05 10:35:01.921905,45540,2384,70,65,2,0,5,2,20,20,Set 1: 25-22 | Set 2: 25-23 | Set 3: 20-20,150m 0s,3rd set,0.8,0.6,0.8333333333333334
198938,2025-06-05 10:35:43.119431,45540,2384,71,65,2,0,6,2,21,20,Set 1: 25-22 | Set 2: 25-23 | Set 3: 21-20,150m 0s,3rd set,0.8,0.6,0.8333333333333334
198938,2025-06-05 10:35:53.628313,45540,2384,71,66,2,0,5,2,21,21,Set 1: 25-22 | Set 2: 25-23 | Set 3: 21-21,150m 0s,3rd set,0.8,0.6,0.8333333333333334
198938,2025-06-05 10:36:35.505881,45540,2384,73,66,2,0,7,2,23,21,Set 1: 25-22 | Set 2: 25-23 | Set 3: 23-21,150m 0s,3rd set,0.8,0.6,0.8333333333333334
198938,2025-06-05 10:36:56.510785,45540,2384,73,67,2,0,6,2,23,22,Set 1: 25-22 | Set 2: 25-23 | Set 3: 23-22,150m 0s,3rd set,0.8,0.6,0.8333333333333334
198938,2025-06-05 10:37:38.462409,45540,2384,74,66,2,0,8,2,24,21,Set 1: 25-22 | Set 2: 25-23 | Set 3: 24-22,150m 0s,3rd set,0.8,0.6,0.8333333333333334
198938,2025-06-05 10:37:59.470431,45540,2384,74,68,2,0,6,2,24,23,Set 1: 25-22 | Set 2: 25-23 | Set 3: 24-23,150m 0s,3rd set,0.8,0.6,0.8333333333333334
198938,2025-06-05 10:39:22.943202,45540,2384,74,69,2,0,5,2,24,24,Set 1: 25-22 | Set 2: 25-23 | Set 3: 24-24,150m 0s,3rd set,0.8,0.6,0.8333333333333334
198938,2025-06-05 10:40:36.162256,45540,2384,74,70,2,0,4,2,24,25,Set 1: 25-22 | Set 2: 25-23 | Set 3: 24-25,150m 0s,3rd set,0.8,0.6,0.8333333333333334
198938,2025-06-05 10:41:27.744946,45540,2384,74,71,2,1,3,1,24,26,Set 1: 25-22 | Set 2: 25-23 | Set 3: 24-26,150m 0s,3rd set,0.8,0.6,0.8333333333333334198938
198938,2025-06-05 10:45:31.379270,45540,2384,74,72,2,1,2,1,0,1,Set 1: 25-22 | Set 2: 25-23 | Set 3: 24-26 | Set 4: 0-1,150m 0s,4th set,0.8,0.6,0.8333333333333334
198938,2025-06-05 10:45:41.885703,45540,2384,74,73,2,1,1,1,0,2,Set 1: 25-22 | Set 2: 25-23 | Set 3: 24-26 | Set 4: 0-2,150m 0s,4th set,0.8,0.6,0.8333333333333334
198938,2025-06-05 10:46:02.870504,45540,2384,74,74,2,1,0,1,0,3,Set 1: 25-22 | Set 2: 25-23 | Set 3: 24-26 | Set 4: 0-3,150m 0s,4th set,0.8,0.6,0.8333333333333334
198938,2025-06-05 10:46:54.573090,45540,2384,74,75,2,1,-1,1,0,4,Set 1: 25-22 | Set 2: 25-23 | Set 3: 24-26 | Set 4: 0-4,150m 0s,4th set,0.8,0.6,0.8333333333333334
198938,2025-06-05 10:48:37.806861,45540,2384,75,75,2,1,0,1,1,4,Set 1: 25-22 | Set 2: 25-23 | Set 3: 24-26 | Set 4: 1-4,150m 0s,4th set,0.8,0.6,0.8333333333333334
198938,2025-06-05 10:49:08.459194,45540,2384,75,76,2,1,-1,1,1,5,Set 1: 25-22 | Set 2: 25-23 | Set 3: 24-26 | Set 4: 1-5,150m 0s,4th set,0.8,0.6,0.8333333333333334
198938,2025-06-05 10:49:29.423040,45540,2384,75,77,2,1,-2,1,1,6,Set 1: 25-22 | Set 2: 25-23 | Set 3: 24-26 | Set 4: 1-6,150m 0s,4th set,0.8,0.6,0.8333333333333334
198938,2025-06-05 10:49:50.507484,45540,2384,75,78,2,1,-3,1,1,7,Set 1: 25-22 | Set 2: 25-23 | Set 3: 24-26 | Set 4: 1-7,150m 0s,4th set,0.8,0.6,0.8333333333333334
198938,2025-06-05 10:50:11.615423,45540,2384,76,78,2,1,-2,1,2,7,Set 1: 25-22 | Set 2: 25-23 | Set 3: 24-26 | Set 4: 2-7,150m 0s,4th set,0.8,0.6,0.8333333333333334
198938,2025-06-05 10:50:22.144003,45540,2384,77,77,2,1,0,1,3,6,Set 1: 25-22 | Set 2: 25-23 | Set 3: 24-26 | Set 4: 3-6,150m 0s,4th set,0.8,0.6,0.8333333333333334
198938,2025-06-05 10:50:43.294084,45540,2384,78,77,2,1,1,1,4,6,Set 1: 25-22 | Set 2: 25-23 | Set 3: 24-26 | Set 4: 4-6,150m 0s,4th set,0.8,0.6,0.8333333333333334
198938,2025-06-05 10:51:34.972569,45540,2384,78,79,2,1,-1,1,4,8,Set 1: 25-22 | Set 2: 25-23 | Set 3: 24-26 | Set 4: 4-8,150m 0s,4th set,0.8,0.6,0.8333333333333334
198938,2025-06-05 10:51:55.950106,45540,2384,78,80,2,1,-2,1,4,9,Set 1: 25-22 | Set 2: 25-23 | Set 3: 24-26 | Set 4: 4-9,150m 0s,4th set,0.8,0.6,0.8333333333333334
198938,2025-06-05 10:52:37.240790,45540,2384,79,80,2,1,-1,1,5,9,Set 1: 25-22 | Set 2: 25-23 | Set 3: 24-26 | Set 4: 5-9,150m 0s,4th set,0.8,0.6,0.8333333333333334
198938,2025-06-05 10:53:08.778468,45540,2384,80,80,2,1,0,1,6,9,Set 1: 25-22 | Set 2: 25-23 | Set 3: 24-26 | Set 4: 6-9,150m 0s,4th set,0.8,0.6,0.8333333333333334
198938,2025-06-05 10:53:19.253136,45540,2384,79,80,2,1,-1,1,5,9,Set 1: 25-22 | Set 2: 25-23 | Set 3: 24-26 | Set 4: 5-9,150m 0s,4th set,0.8,0.6,0.8333333333333334
198938,2025-06-05 10:54:00.425545,45540,2384,79,81,2,1,-2,1,5,10,Set 1: 25-22 | Set 2: 25-23 | Set 3: 24-26 | Set 4: 5-10,150m 0s,4th set,0.8,0.6,0.8333333333333334
198938,2025-06-05 10:54:10.905610,45540,2384,81,81,2,1,0,1,7,10,Set 1: 25-22 | Set 2: 25-23 | Set 3: 24-26 | Set 4: 7-10,150m 0s,4th set,0.8,0.6,0.8333333333333334
198938,2025-06-05 10:54:41.609678,45540,2384,81,82,2,1,-1,1,7,11,Set 1: 25-22 | Set 2: 25-23 | Set 3: 24-26 | Set 4: 7-11,150m 0s,4th set,0.8,0.6,0.8333333333333334
198938,2025-06-05 10:54:52.090805,45540,2384,82,82,2,1,0,1,8,11,Set 1: 25-22 | Set 2: 25-23 | Set 3: 24-26 | Set 4: 8-11,150m 0s,4th set,0.8,0.6,0.8333333333333334
198938,2025-06-05 10:55:22.853801,45540,2384,82,83,2,1,-1,1,8,12,Set 1: 25-22 | Set 2: 25-23 | Set 3: 24-26 | Set 4: 8-12,150m 0s,4th set,0.8,0.6,0.8333333333333334
198938,2025-06-05 10:55:53.547743,45540,2384,83,83,2,1,0,1,9,12,Set 1: 25-22 | Set 2: 25-23 | Set 3: 24-26 | Set 4: 9-12,150m 0s,4th set,0.8,0.6,0.8333333333333334
198938,2025-06-05 10:56:35.492250,45540,2384,83,84,2,1,-1,1,9,13,Set 1: 25-22 | Set 2: 25-23 | Set 3: 24-26 | Set 4: 9-13,150m 0s,4th set,0.8,0.6,0.8333333333333334
198938,2025-06-05 10:57:06.194460,45540,2384,84,84,2,1,0,1,10,13,Set 1: 25-22 | Set 2: 25-23 | Set 3: 24-26 | Set 4: 10-13,150m 0s,4th set,0.8,0.6,0.8333333333333334
198938,2025-06-05 10:57:47.373746,45540,2384,84,85,2,1,-1,1,10,14,Set 1: 25-22 | Set 2: 25-23 | Set 3: 24-26 | Set 4: 10-14,150m 0s,4th set,0.8,0.6,0.8333333333333334
198938,2025-06-05 10:57:57.829118,45540,2384,85,85,2,1,0,1,11,14,Set 1: 25-22 | Set 2: 25-23 | Set 3: 24-26 | Set 4: 11-14,150m 0s,4th set,0.8,0.6,0.8333333333333334
198938,2025-06-05 10:58:39.080699,45540,2384,85,86,2,1,-1,1,11,15,Set 1: 25-22 | Set 2: 25-23 | Set 3: 24-26 | Set 4: 11-15,150m 0s,4th set,0.8,0.6,0.8333333333333334
198938,2025-06-05 10:59:20.262344,45540,2384,86,86,2,1,0,1,12,15,Set 1: 25-22 | Set 2: 25-23 | Set 3: 24-26 | Set 4: 12-15,150m 0s,4th set,0.8,0.6,0.8333333333333334
198938,2025-06-05 11:00:01.384387,45540,2384,88,86,2,1,2,1,14,15,Set 1: 25-22 | Set 2: 25-23 | Set 3: 24-26 | Set 4: 14-15,150m 0s,4th set,0.8,0.6,0.8333333333333334
198938,2025-06-05 11:01:45.222801,45540,2384,89,87,2,1,2,1,15,16,Set 1: 25-22 | Set 2: 25-23 | Set 3: 24-26 | Set 4: 15-16,150m 0s,4th set,0.8,0.6,0.8333333333333334
198938,2025-06-05 11:03:38.324321,45540,2384,89,88,2,1,1,1,15,17,Set 1: 25-22 | Set 2: 25-23 | Set 3: 24-26 | Set 4: 15-17,150m 0s,4th set,0.8,0.6,0.8333333333333334
198938,2025-06-05 11:03:59.322085,45540,2384,90,88,2,1,2,1,16,17,Set 1: 25-22 | Set 2: 25-23 | Set 3: 24-26 | Set 4: 16-17,150m 0s,4th set,0.8,0.6,0.8333333333333334
198938,2025-06-05 11:04:30.774904,45540,2384,90,89,2,1,1,1,16,18,Set 1: 25-22 | Set 2: 25-23 | Set 3: 24-26 | Set 4: 16-18,150m 0s,4th set,0.8,0.6,0.8333333333333334
198938,2025-06-05 11:05:01.688356,45540,2384,91,89,2,1,2,1,17,18,Set 1: 25-22 | Set 2: 25-23 | Set 3: 24-26 | Set 4: 17-18,150m 0s,4th set,0.8,0.6,0.8333333333333334
198938,2025-06-05 11:05:12.189528,45540,2384,90,89,2,1,1,1,16,18,Set 1: 25-22 | Set 2: 25-23 | Set 3: 24-26 | Set 4: 16-18,150m 0s,4th set,0.8,0.6,0.8333333333333334
198938,2025-06-05 11:05:33.141237,45540,2384,90,90,2,1,0,1,16,19,Set 1: 25-22 | Set 2: 25-23 | Set 3: 24-26 | Set 4: 16-19,150m 0s,4th set,0.8,0.6,0.8333333333333334
198938,2025-06-05 11:06:03.989180,45540,2384,90,89,2,1,1,1,16,18,Set 1: 25-22 | Set 2: 25-23 | Set 3: 24-26 | Set 4: 16-18,150m 0s,4th set,0.8,0.6,0.8333333333333334
198938,2025-06-05 11:06:14.440934,45540,2384,91,89,2,1,2,1,17,18,Set 1: 25-22 | Set 2: 25-23 | Set 3: 24-26 | Set 4: 17-18,150m 0s,4th set,0.8,0.6,0.8333333333333334
198938,2025-06-05 11:06:45.114191,45540,2384,93,89,2,1,4,1,19,18,Set 1: 25-22 | Set 2: 25-23 | Set 3: 24-26 | Set 4: 19-18,150m 0s,4th set,0.8,0.6,0.8333333333333334
198938,2025-06-05 11:07:48.097801,45540,2384,94,89,2,1,5,1,20,18,Set 1: 25-22 | Set 2: 25-23 | Set 3: 24-26 | Set 4: 20-18,150m 0s,4th set,0.8,0.6,0.8333333333333334
198938,2025-06-05 11:08:29.270511,45540,2384,94,90,2,1,4,1,20,19,Set 1: 25-22 | Set 2: 25-23 | Set 3: 24-26 | Set 4: 20-19,150m 0s,4th set,0.8,0.6,0.8333333333333334
198938,2025-06-05 11:08:59.943848,45540,2384,95,91,2,1,4,1,21,20,Set 1: 25-22 | Set 2: 25-23 | Set 3: 24-26 | Set 4: 21-20,150m 0s,4th set,0.8,0.6,0.8333333333333334
198938,2025-06-05 11:09:41.181537,45540,2384,96,91,2,1,5,1,22,20,Set 1: 25-22 | Set 2: 25-23 | Set 3: 24-26 | Set 4: 22-20,150m 0s,4th set,0.8,0.6,0.8333333333333334
198938,2025-06-05 11:09:51.648662,45540,2384,96,92,2,1,4,1,22,21,Set 1: 25-22 | Set 2: 25-23 | Set 3: 24-26 | Set 4: 22-21,150m 0s,4th set,0.8,0.6,0.8333333333333334
198938,2025-06-05 11:10:23.184648,45540,2384,97,92,2,1,5,1,23,21,Set 1: 25-22 | Set 2: 25-23 | Set 3: 24-26 | Set 4: 23-21,150m 0s,4th set,0.8,0.6,0.8333333333333334
198938,2025-06-05 11:11:04.377898,45540,2384,97,93,2,1,4,1,23,22,Set 1: 25-22 | Set 2: 25-23 | Set 3: 24-26 | Set 4: 23-22,150m 0s,4th set,0.8,0.6,0.8333333333333334
198938,2025-06-05 11:11:45.535652,45540,2384,98,93,2,1,5,1,24,22,Set 1: 25-22 | Set 2: 25-23 | Set 3: 24-26 | Set 4: 24-22,150m 0s,4th set,0.8,0.6,0.8333333333333334
198940,2025-06-05 13:32:32.686625,2322,2605,2,3,0,0,-1,0,2,3,Set 1: 2-3,150m 0s,1st set,1.0,0.8,0.7368421052631579
198940,2025-06-05 13:32:43.217247,2322,2605,3,3,0,0,0,0,3,3,Set 1: 3-3,150m 0s,1st set,1.0,0.8,0.7368421052631579
198940,2025-06-05 13:33:13.891651,2322,2605,4,3,0,0,1,0,4,3,Set 1: 4-3,150m 0s,1st set,1.0,0.8,0.7368421052631579
198940,2025-06-05 13:34:05.703745,2322,2605,4,4,0,0,0,0,4,4,Set 1: 4-4,150m 0s,1st set,1.0,0.8,0.7368421052631579
198940,2025-06-05 13:34:26.685895,2322,2605,5,4,0,0,1,0,5,4,Set 1: 5-4,150m 0s,1st set,1.0,0.8,0.7368421052631579
198940,2025-06-05 13:34:57.355616,2322,2605,5,5,0,0,0,0,5,5,Set 1: 5-5,150m 0s,1st set,1.0,0.8,0.7368421052631579
198940,2025-06-05 13:35:18.642161,2322,2605,4,4,0,0,0,0,4,4,Set 1: 4-4,150m 0s,1st set,1.0,0.8,0.7368421052631579
198940,2025-06-05 13:35:49.463909,2322,2605,6,6,0,0,0,0,6,6,Set 1: 6-6,150m 0s,1st set,1.0,0.8,0.7368421052631579
198940,2025-06-05 13:36:00.115089,2322,2605,6,7,0,0,-1,0,6,7,Set 1: 6-7,150m 0s,1st set,1.0,0.8,0.7368421052631579
198940,2025-06-05 13:36:10.616673,2322,2605,6,6,0,0,0,0,6,6,Set 1: 6-6,150m 0s,1st set,1.0,0.8,0.7368421052631579
198940,2025-06-05 13:36:31.699916,2322,2605,7,6,0,0,1,0,7,6,Set 1: 7-6,150m 0s,1st set,1.0,0.8,0.7368421052631579
198940,2025-06-05 13:37:02.483598,2322,2605,7,8,0,0,-1,0,7,8,Set 1: 7-8,150m 0s,1st set,1.0,0.8,0.7368421052631579
198940,2025-06-05 13:37:12.973364,2322,2605,7,7,0,0,0,0,7,7,Set 1: 7-7,150m 0s,1st set,1.0,0.8,0.7368421052631579
198940,2025-06-05 13:37:43.758519,2322,2605,8,7,0,0,1,0,8,7,Set 1: 8-7,150m 0s,1st set,1.0,0.8,0.7368421052631579
198940,2025-06-05 13:38:04.734838,2322,2605,9,7,0,0,2,0,9,7,Set 1: 9-7,150m 0s,1st set,1.0,0.8,0.7368421052631579
198940,2025-06-05 13:38:15.260680,2322,2605,8,8,0,0,0,0,8,8,Set 1: 8-8,150m 0s,1st set,1.0,0.8,0.7368421052631579
198940,2025-06-05 13:38:56.566720,2322,2605,10,8,0,0,2,0,10,8,Set 1: 10-8,150m 0s,1st set,1.0,0.8,0.7368421052631579
198940,2025-06-05 13:39:17.511629,2322,2605,9,8,0,0,1,0,9,8,Set 1: 9-8,150m 0s,1st set,1.0,0.8,0.7368421052631579
198940,2025-06-05 13:39:28.076117,2322,2605,9,9,0,0,0,0,9,9,Set 1: 9-9,150m 0s,1st set,1.0,0.8,0.7368421052631579
198940,2025-06-05 13:39:58.826701,2322,2605,11,10,0,0,1,0,11,10,Set 1: 11-10,150m 0s,1st set,1.0,0.8,0.7368421052631579
198940,2025-06-05 13:40:20.229177,2322,2605,12,10,0,0,2,0,12,10,Set 1: 12-10,150m 0s,1st set,1.0,0.8,0.7368421052631579
198940,2025-06-05 13:41:01.604227,2322,2605,12,11,0,0,1,0,12,11,Set 1: 12-11,150m 0s,1st set,1.0,0.8,0.7368421052631579
198940,2025-06-05 13:41:32.423403,2322,2605,13,10,0,0,3,0,13,10,Set 1: 13-10,150m 0s,1st set,1.0,0.8,0.7368421052631579
198940,2025-06-05 13:42:13.689681,2322,2605,13,11,0,0,2,0,13,11,Set 1: 13-11,150m 0s,1st set,1.0,0.8,0.7368421052631579
198940,2025-06-05 13:42:44.422661,2322,2605,14,11,0,0,3,0,14,11,Set 1: 14-11,150m 0s,1st set,1.0,0.8,0.7368421052631579
198940,2025-06-05 13:43:16.034521,2322,2605,14,13,0,0,1,0,14,13,Set 1: 14-13,150m 0s,1st set,1.0,0.8,0.7368421052631579
198940,2025-06-05 13:43:57.322406,2322,2605,14,14,0,0,0,0,14,14,Set 1: 14-14,150m 0s,1st set,1.0,0.8,0.7368421052631579
198940,2025-06-05 13:44:07.831151,2322,2605,15,14,0,0,1,0,15,14,Set 1: 15-14,150m 0s,1st set,1.0,0.8,0.7368421052631579
198940,2025-06-05 13:44:18.417284,2322,2605,14,14,0,0,0,0,14,14,Set 1: 14-14,150m 0s,1st set,1.0,0.8,0.7368421052631579
198940,2025-06-05 13:44:59.675566,2322,2605,14,15,0,0,-1,0,14,15,Set 1: 14-15,150m 0s,1st set,1.0,0.8,0.7368421052631579
198940,2025-06-05 13:45:10.206747,2322,2605,14,16,0,0,-2,0,14,16,Set 1: 14-16,150m 0s,1st set,1.0,0.8,0.7368421052631579
198940,2025-06-05 13:45:41.057396,2322,2605,15,15,0,0,0,0,15,15,Set 1: 15-15,150m 0s,1st set,1.0,0.8,0.7368421052631579
198940,2025-06-05 13:46:12.772408,2322,2605,15,16,0,0,-1,0,15,16,Set 1: 15-16,150m 0s,1st set,1.0,0.8,0.7368421052631579
198940,2025-06-05 13:46:23.348883,2322,2605,16,16,0,0,0,0,16,16,Set 1: 16-16,150m 0s,1st set,1.0,0.8,0.7368421052631579
198940,2025-06-05 13:46:54.172882,2322,2605,17,16,0,0,1,0,17,16,Set 1: 17-16,150m 0s,1st set,1.0,0.8,0.7368421052631579
198940,2025-06-05 13:47:24.932163,2322,2605,17,17,0,0,0,0,17,17,Set 1: 17-17,150m 0s,1st set,1.0,0.8,0.7368421052631579
198940,2025-06-05 13:47:56.678899,2322,2605,17,18,0,0,-1,0,17,18,Set 1: 17-18,150m 0s,1st set,1.0,0.8,0.7368421052631579
